Name,Artists,Album,Release_year,Duration,Popularity,Id
Stargazing (feat. Amelie),"Severo, Amelie",Stargazing (feat. Amelie),2017,201600,40,6dvjPTnrQoXfKjgxtE0wF7
Cut My Lip,Twenty One Pilots,Trench,2018,282613,61,6gFtgkh8ShkrJn52Cbdhxy
Beautiful Mistakes (feat. Megan Thee Stallion),"Maroon 5, Megan Thee Stallion",JORDI (Deluxe),2021,227395,78,5zFglKYiknIxks8geR8rcL
Shallow,"Lady Gaga, Bradley Cooper",A Star Is Born Soundtrack,2018,215733,85,2VxeLyX666F8uXCJ0dZF8B
If Our Love Is Wrong,Calum Scott,Only Human (Deluxe),2018,203575,55,0bhBfW4mSRLILc32S4KugQ
Perfect,One Direction,Made In The A.M. (Deluxe Edition),2015,230333,79,3NLnwwAQbbFKcEcV8hDItk
Cheating on You,Charlie Puth,Cheating on You,2019,196606,74,0ClPIeT6MSgfSgQ9ZrJbAq
Fire On Fire,Sam Smith,Love Goes,2020,246735,78,7t3Xdbufg7q2onVsR8RBdY
Youngblood,5 Seconds of Summer,Youngblood (Deluxe),2018,203417,83,2iUXsYOEPhVqEBwsqP70rE
goosebumps,Travis Scott,Birds In The Trap Sing McKnight,2016,243836,88,6gBFPUFcJLzWGx4lenP6h2
Stay,"Zedd, Alessia Cara",Stay,2017,210090,75,6uBhi9gBXWjanegOb2Phh0
Sinning With You,Sam Hunt,SOUTHSIDE,2020,196453,43,1lGteWyWcTweQh7MCyIgLb
What A Life,Scarlet Pleasure,"What A Life (From the Motion Picture ""Another Round"")",2021,185942,51,2tUrOq0xQmJ0hSjyXq5JUQ
Little Black Dress,One Direction,Midnight Memories (Deluxe),2013,157653,59,4lxaurdMyGkt1tOrdwRoVO
1-800-273-8255,"Logic, Alessia Cara, Khalid",Everybody,2017,250173,75,5tz69p7tJuGPeMGwNTxYuV
Jasper Avenue,CaRter,Jasper Avenue,2019,274050,43,01eGJhqBLJCy8i4YHVQo4P
Broken People (with Logic & Rag'n'Bone Man),"Logic, Rag'n'Bone Man",Broken People (with Logic & Rag'n'Bone Man) [From Bright: The Album],2017,212066,58,5rxPi0MiR4miNK0rCmk980
Die For You,Joji,SMITHEREENS,2022,211666,78,26hOm7dTtBi0TdpDGl141t
Closer,"The Chainsmokers, Halsey",Closer,2016,244960,86,7BKLCZ1jbUBVqRi2FVlTVw
Day 'n' Nite,Kid Cudi,Watch Dogs (Music from the Video Game) [Original Game Soundtrack],2015,222066,58,4ywmyUAQ0WAdNHXpoWWqfv
Suitcase,Matthew Koma,Suitcase,2017,224761,32,6CVLP3Mo0iU6541Q231ux6
Never Enough,One Direction,Made In The A.M. (Deluxe Edition),2015,213440,60,7rdP71W8x4UbJ0KAKBACbo
Why'd You Only Call Me When You're High?,Arctic Monkeys,AM,2013,161123,88,086myS9r57YsLbJpU0TgK9
Hotline Bling,Drake,Views,2016,267066,79,0wwPcA6wtMf6HUMpIRdeP7
Moments Like This,The Afters,Life Is Beautiful,2013,239986,51,5gxakaZJUKXaPZPPzVZ5Tu
Raging on a Sunday,Bohnes,206: Act II,2018,208880,0,5rvyUmsWA1LQGHI11FaVai
Older,Sasha Alex Sloan,Older,2018,191001,68,52iLDrSoRtf9lcgFuLVfqE
A.M.,One Direction,Made In The A.M. (Deluxe Edition),2015,209040,63,5omYVLodGmaxnhua99xIE8
"Taki Taki (with Selena Gomez, Ozuna & Cardi B)","DJ Snake, Selena Gomez, Ozuna, Cardi B","Taki Taki (with Selena Gomez, Ozuna & Cardi B)",2018,212500,74,4w8niZpiMy6qz1mntFA5uM
16 Tons,Tennessee Ernie Ford,Sixteen Tons,2014,155324,43,1JVPMzVjeAgQ4s3VC0zhxl
Stitches,Shawn Mendes,Handwritten,2015,206880,81,3zkWCteF82vJwv0hRLba76
Speechless (Full),Naomi Scott,Aladdin (Original Motion Picture Soundtrack),2019,208800,70,0XPsOSYzDJZJArevQNm2AR
Starving,"Hailee Steinfeld, Grey, Zedd",Starving,2016,181880,74,4Ce37cRWvM1vIGGynKcs22
tomorrow tonight,Loote,lost,2019,202600,55,4vsAUbPb6q9FpC4AGBFdVh
History,One Direction,Made In The A.M. (Deluxe Edition),2015,187426,73,0HMjXBAZmSYOTTi33WpMso
Memory,Mark Dohner,Memory,2020,188915,33,76NisTyoEBtIfKRxduYgZx
Comedy,Gen Hoshino,Comedy,2022,230666,66,5SuOikwiRyPMVoIQDJUgSV
残響散歌,Aimer,残響散歌,2021,184893,70,7v8wKvNQQIxkugCFFjrkaO
Overboard,"Justin Bieber, Jessica Jarrell",My Worlds - The Collection (International Package),2010,251186,34,3MeVTN9HT9g73Aj8yhZrhz
Rasputin,Boney M.,Daddy Cool,1994,220666,70,5lWSa1rmuSL6OBPOnkAqoa
One Call Away,Charlie Puth,Nine Track Mind,2016,194453,72,37R0bQOQj5a7DOqh1TGzvB
Trust Me,HELLSTRVCK,Trust Me,2019,185379,40,4CRgDenJbluuEILm7976Mt
Big Plans,Why Don't We,Big Plans,2019,179929,60,3eng6TJxpqjvDkxRpnfnhB
Losing My Mind,Charlie Puth,Nine Track Mind,2016,212213,44,5QTYKyXxIJaLupn1J6W9QU
Scared to Be Lonely,"Martin Garrix, Dua Lipa",Scared to Be Lonely,2017,220883,78,3ebXMykcMXOcLeJ9xZ17XH
Entertainer,ZAYN,Icarus Falls,2018,202600,63,4By48hpAtUx7F7F1yxvwvm
Rockabye (feat. Sean Paul & Anne-Marie),"Clean Bandit, Sean Paul, Anne-Marie",Rockabye (feat. Sean Paul & Anne-Marie),2016,251088,75,5knuzwU65gJK7IF5yJsuaW
Stereo Hearts (feat. Adam Levine),"Gym Class Heroes, Adam Levine",The Papercut Chronicles II,2011,210960,81,0qOnSQQF0yzuPWsXrQ9paz
Demons,Imagine Dragons,Night Visions (Deluxe),2012,175200,58,5VC29kHMkzcaorzPKUqJbl
Cross Me (feat. Chance the Rapper & PnB Rock),"Ed Sheeran, Chance the Rapper, PnB Rock",Cross Me (feat. Chance the Rapper & PnB Rock),2019,206186,58,543bCW2ruMPmxUBWirQ3MR
Numb,Linkin Park,Meteora,2003,187520,88,2nLtzopw4rPReszdYBJU6h
Up (feat. Demi Lovato),"Olly Murs, Demi Lovato",Never Been Better (Expanded Edition),2014,224293,69,1RidHM9BC4M8DpfSQ6YLJh
You Are The Reason,Calum Scott,Only Human (Deluxe),2018,204326,80,69vToJ9BMbbLlFZo7k7A7B
Love Again,New Hope Club,New Hope Club,2020,203533,43,4v3A7ho6Oo49Tem7fOk1sy
Stressed Out,Twenty One Pilots,Blurryface,2015,202333,86,3CRDbSIZ4r5MsZ0YwxuEkn
Demons,Imagine Dragons,Night Visions,2012,177506,86,5qaEfEh1AtSdrdrByCP7qR
"Hey Stupid, I Love You",JP Saxe,"Hey Stupid, I Love You",2020,181000,58,5inDa3sWj8zqJBOdj7Bjqc
Drag Me Down,One Direction,Made In The A.M. (Deluxe Edition),2015,192120,81,2K87XMYnUMqLcX3zvtAF4G
lovely (with Khalid),"Billie Eilish, Khalid",lovely (with Khalid),2018,200185,89,0u2P5u6lvoDfwTYjAADbn4
紅蓮華,LiSA,LEO-NiNE,2020,237586,74,0qMip0B2D4ePEjBJvAtYre
Superheroes,The Script,No Sound Without Silence,2014,245466,74,37sINbJZcFdHFAsVNsPq1i
Quit Playing Games (With My Heart),Backstreet Boys,Backstreet Boys,1996,232666,69,0Uqs7ilt5kGX9NzFDWTBrP
炎,LiSA,炎,2020,275000,62,0cSkn2l67csUljEy0EEBPn
All I Want,Kodaline,In A Perfect World,2013,305746,0,2PwXOevGUSkU8qaYZjgLq2
My Songs Know What You Did In The Dark (Light Em Up),Fall Out Boy,Save Rock And Roll,2013,186826,78,2E43WFS4rRc09za2r2GmZl
Connection,OneRepublic,Connection,2018,148459,60,3T4UodGkfZObJ43RtA5KFU
Summer,Calvin Harris,Summer,2014,224506,21,7b71WsDLb8gG0cSyDTFAEW
Tear in My Heart,Twenty One Pilots,Blurryface,2015,188493,76,3bnVBN67NBEzedqQuWrpP4
7 Years,Lukas Graham,Lukas Graham,2016,237300,83,5kqIPrATaCc2LqxVWzQGbk
Lights Down Low,MAX,Hell's Kitchen Angel,2016,223846,60,1sYSP7gKa5kdKIfhANfori
Lost In Japan,Shawn Mendes,Shawn Mendes,2018,201200,71,79esEXlqqmq0GPz0xQSZTV
Fourth of July,Sufjan Stevens,Carrie & Lowell,2015,279316,79,5Qnrgqy1pAm9GyNQOgyVFz
Never Forget You,"Zara Larsson, MNEK",So Good,2017,213427,74,6hmhG1b4LEyNuashVvuIAo
Chained To The Rhythm,"Katy Perry, Skip Marley",Witness (Deluxe),2017,237733,71,7qvxFz3JodM0A7xEM7k3YD
Him & I (with Halsey),"G-Eazy, Halsey",The Beautiful & Damned,2017,268866,79,5k38wzpLb15YgncyWdTZE4
Say Something,"A Great Big World, Christina Aguilera",Is There Anybody Out There?,2014,229400,73,6Vc5wAMmXdKIAM7WUoEb7N
Changes - 2021 Remaster,Black Sabbath,Changes (2021 Remaster),1972,282373,0,0nNSHKrpt9LZGKzEsysbni
Not Afraid,Eminem,Recovery,2010,248133,80,7Ie9W94M7OjPoZVV216Xus
Say My Name,"David Guetta, Bebe Rexha, J Balvin",7,2018,198946,69,0YammaEkYSeo9vQYZ1OwS6
"WIN - ""The God of HighSchool"" ED",CIX,"WIN (""The God of HighSchool"" ED)",2020,205173,43,7apQPgVEiRpAIFe8VaeB7h
Kamikaze,Eminem,Kamikaze,2018,216029,62,2gsNpSn7VvvJuSrIDfRoYy
Just A Word,Prateek Kuhad,The Way That Lovers Do,2022,180013,41,3XWRc74od1pT7MUkGiJmoW
Enemy (with JID) - from the series Arcane League of Legends,"Imagine Dragons, JID, Arcane, League of Legends",Enemy (with JID) [from the series Arcane League of Legends],2021,173381,77,1r9xUipOqoNwggBpENDsvJ
No Shame,5 Seconds of Summer,CALM,2020,192736,0,4kLm0P01JM1xS94Z4JC3oE
Used to Me,Cameron Dallas,Used to Me,2020,174730,26,0kAww2qtQ9pmrFgVpuFA4H
Immortals,Fall Out Boy,Big Hero 6 (Original Motion Picture Soundtrack),2014,195026,64,3c1ItvzDDDpmDgLH9SIUp4
Remember The Name (feat. Eminem & 50 Cent),"Ed Sheeran, Eminem, 50 Cent",No.6 Collaborations Project,2019,207760,66,0AtP8EkGPn6SwxKDaUuXec
The Rumbling,SiM,The Rumbling,2022,220799,70,6k0X05danQOXSBTVek5DU1
All I Need,Prateek Kuhad,The Way That Lovers Do,2022,153693,48,47hXMyQDGW8sA1NGqmFL7h
The Search,NF,The Search,2019,248053,75,3oLe5ZILASG8vU5dxIMfLY
Company,Justin Bieber,Purpose (Deluxe),2015,208120,76,61uyGDPJ06MkxJtHgPmuyO
Sad Song (feat. Elena Coats),"We The Kings, Elena Coates",Somewhere Somehow,2013,226330,65,7tYKa4wd7gL5LwcxidBPkG
Flossin’ (feat. YoungBoy Never Broke Again),"Internet Money, YoungBoy Never Broke Again",Flossin’ (feat. YoungBoy Never Broke Again),2022,168000,3,3zDMTxEANpj6hedyCrHXBg
As Long as You Love Me,Backstreet Boys,The Hits--Chapter One,2001,212466,44,59RYf8nulz9cINoOqZS703
A Man Without Love,Engelbert Humperdinck,A Man Without Love,1968,203133,69,0oUBuOO4g9P4lREqfqR5nq
Be Alright,Dean Lewis,A Place We Knew,2019,196493,78,5qrSlOut2rNAWv3ubArkNy
Godzilla (feat. Juice WRLD),"Eminem, Juice WRLD",Music To Be Murdered By,2020,210800,85,7FIWs0pqAYbP91WWM0vlTQ
Summer Days (feat. Macklemore & Patrick Stump of Fall Out Boy),"Martin Garrix, Macklemore, Fall Out Boy",Summer Days (feat. Macklemore & Patrick Stump of Fall Out Boy),2019,163804,72,7Feaw9WAEREY0DUOSXJLOM
Good Things Fall Apart,"ILLENIUM, Jon Bellion",Summer Heat,2021,216668,10,0kPQUC2Zqr5sCvbcWkreaU
Movie Screen,Tommy Newport,Tommy Gun,2019,183907,49,1OEEIcF2Q2aK0zZNnFmc05
I Don’t Wanna Live Forever (Fifty Shades Darker),"ZAYN, Taylor Swift",reputation Stadium Tour Surprise Song Playlist,2017,247160,83,55n9yjI6qqXh5F2mYvUc2y
Brother,Kodaline,Politics of Living,2018,203186,73,65gLJGey4u4KFFqoC5fzFJ
Me And My Broken Heart,Rixton,Let The Road,2014,193733,78,1oew3nFNY3vMacJAsvry0S
Succession - Main Title Theme,Nicholas Britell,"Succession, Season 1 (HBO Original Series Soundtrack)",2019,102013,5,3jI7Yeg7a2d7BMc8CxABVM
Starboy,"The Weeknd, Daft Punk",Starboy,2016,230466,0,7lQqaqZu0vjxzpdATOIsDt
Your Soul,"Forrest., Biskwiq",Warm,2018,178285,53,26qTfV9DiLTT5fBXgvXfFx
Locked Away (feat. Adam Levine),"R. City, Adam Levine",What Dreams Are Made Of,2015,227480,78,7x5xYW5W42OGPAdHUyyguy
Bad for Me,Akshath,Bad for Me,2020,203526,21,4h5YzicLLdtt8NSRU8cRmF
Blank Space,Taylor Swift,1989 (Deluxe),2014,231826,84,1u8c2t2Cy7UBoG4ArRcF5g
Cover Me In Sunshine,"P!nk, Willow Sage Hart",Cover Me In Sunshine,2021,141050,71,6Tio0ZoDeSQnI7EBAqWer2
Love Yourself,Justin Bieber,Purpose (Deluxe),2015,233720,85,50kpGaPAhYJ3sGmk6vplg0
Blinding Lights,The Weeknd,After Hours,2020,200040,90,0VjIjW4GlUZAMYd2vXMi3b
Dancing With Your Ghost,Sasha Alex Sloan,Dancing With Your Ghost,2019,197732,78,1TQXIltqoZ5XXyfCbAeSQQ
Don't Give Up On Me (From FIve Feet Apart),Faryn Brown,Ironjawn,2019,199604,30,58TYsq1anvMkhKrGU23Hey
Ocean (feat. Khalid),"Martin Garrix, Khalid",Ocean (feat. Khalid),2018,216419,67,3nc420PXjTdBV5TN0gCFkS
Bleeding Out,Imagine Dragons,Night Visions (Deluxe),2012,221053,44,3BvheqhKGQgFMSiiJh6ayj
Worth It (feat. Kid Ink),"Fifth Harmony, Kid Ink",Reflection (Deluxe),2015,224573,74,41Fflg7qHiVOD6dEPvsCzO
Neon Gravestones,Twenty One Pilots,Trench,2018,240266,61,0sXvjZV7p4uvyPN4uQo3FH
Game,Carson Rowland,Game,2020,184668,21,4qmHLh2zogdrjI3oaN2oaX
The Sound,The 1975,"I like it when you sleep, for you are so beautiful yet so unaware of it",2016,248879,12,4bHG0fXE9AaytM4G7wta5g
Shy,Jai Waetford,Shy - EP,2015,187640,57,3nivloq0Lqd2CYWHTgAlwU
Human,Rag'n'Bone Man,Human (Deluxe),2017,200186,81,58zsLZPvfflaiIbNWoA22O
"Love Is an Open Door - From ""Frozen""/Soundtrack Version","Kristen Bell, Santino Fontana",Frozen (Original Motion Picture Soundtrack / Deluxe Edition),2013,124733,73,3IPnBzGRMg6BfViFxxa0Gq
Chantaje (feat. Maluma),"Shakira, Maluma",El Dorado,2017,195840,79,6mICuAdrwEjh6Y6lroV2Kg
Dancing With A Stranger (with Normani),"Sam Smith, Normani",Dancing With A Stranger (with Normani),2019,171029,73,6Qs4SXO9dwPj5GKvVOv8Ki
Lucid Dreams,Juice WRLD,Goodbye & Good Riddance,2018,239835,84,285pBltuF7vW8TeWk8hdRR
That's How You Write a Song,Alexander Rybak,That's How You Write a Song,2018,180879,40,4ixnY07lxMziatNqonUB8d
"Love Me Like You Do - From ""Fifty Shades Of Grey""",Ellie Goulding,Delirium (Deluxe),2015,252534,50,2l8w0zZVn4AZNuzrht7MRT
Without You (feat. Sandro Cavazza),"Avicii, Sandro Cavazza",AVĪCI (01),2017,181672,80,6Pgkp4qUoTmJIPn7ReaGxL
After Dark,Mr.Kitty,Time,2014,259146,80,2LKOHdMsL0K9KwcPRlJK2v
Apologize,"Timbaland, OneRepublic",Shock Value,2007,184400,72,6ucR4KfvsBFWCMVFDvyKKl
Ride,Twenty One Pilots,Blurryface,2015,214506,83,2Z8WuEywRWYTKe1NybPQEW
clementine,Halsey,clementine,2019,234410,43,7ozvM98YyrdyOBh1lItVHc
The Nights,Avicii,The Days / Nights,2014,176658,86,0ct6r3EGTcMLPtrXHDvVjc
All Night,"The Vamps, Matoma",Night & Day (Night Edition),2017,197640,70,0dXNQ8dckG4eYfEtq9zcva
Too Good At Goodbyes,Sam Smith,The Thrill Of It All (Special Edition),2017,201000,85,1mXVgsBdtIVeCLJnSnmtdV
I'm a Mess,Bebe Rexha,Expectations,2018,195519,72,04ZTP5KsCypmtCmQg5tH9R
At My Worst,Pink Sweat$,The Prelude,2020,170344,70,0ri0Han4IRJhzvERHOZTMr
Gone the Days,Jacob Lee,Gone the Days,2019,221242,0,37Uoln8RS62gXJwZTAbnmN
Way To Break My Heart (feat. Skrillex),"Ed Sheeran, Skrillex",No.6 Collaborations Project,2019,190293,51,5d1rmWWF1725tnYjq6rMDB
Please Don't Go,Joel Adams,Please Don't Go,2015,210580,68,3cNjgVBKTJ1SvKhunrCdVy
Who Do You Love,"The Chainsmokers, 5 Seconds of Summer",World War Joy,2019,226733,68,2fVHrSxsQbJUuj9MW9zG1e
Way Back Home (feat. Conor Maynard) - Sam Feldt Edit,"SHAUN, Conor Maynard, Sam Feldt",Way Back Home (feat. Conor Maynard) [Sam Feldt Edit],2018,192452,70,1ZLrDPgR7mvuTco3rQK8Pk
2step (feat. Armaan Malik),"Ed Sheeran, Armaan Malik",2step (feat. Armaan Malik),2022,153124,44,1vf09n9QoDVWhBImRgQQyG
Summer Of '69,Bryan Adams,Reckless (30th Anniversary / Deluxe Edition),1984,216053,84,0GONea6G2XdnHWjNZd6zt3
Lover Of Mine,5 Seconds of Summer,CALM,2020,206973,0,4CufDREo1dO9TL7txA5SGA
Animals,Maroon 5,V (Asia Tour Edition),2015,231013,71,3h4T9Bg8OVSUYa6danHeH5
Don't Go Breaking My Heart,Backstreet Boys,Don't Go Breaking My Heart,2018,215724,51,79Mjfhh393dZdAsTvUFDR6
The A Team,Ed Sheeran,Now That's What I Call Music 2012-13,2012,261026,16,47NPaSCdEVqrO0GapAbK2A
Me & My Friends,"Munn, Jude Barclay, Fortune",Me & My Friends,2020,159473,45,3ZuODl7QqOQWVAOrLZJOsU
It's You,Ali Gatie,YOU,2019,212606,77,5DqdesEfbRyOlSS3Tf6c29
i'm so tired...,"Lauv, Troye Sivan",~how i'm feeling~,2020,162586,2,4vjpLMyL3ZO6aphdYr8XYw
Entertain Me,Ylona Garcia,Entertain Me,2022,182893,54,5TclgAYTVdTRLnHvTUhyIP
Giants,Imagine Dragons,Mercury - Act 1,2021,210402,0,7FNq9WjxUTIx6OCSPzzopE
Teenager In Love,Neon Trees,Pop Psychology,2014,197680,38,0pOfsGqBDjp5I1gV6vLL6s
FRIENDS,"Marshmello, Anne-Marie",FRIENDS,2018,202620,78,08bNPGLD8AhKpnnERrAc6G
Titanium,"David Guetta, Sia",Virgin Records: 40 Years Of Disruptions,2013,246186,45,2GusQcB3m4nkLJRWAfcDNB
Heartbeat,Childish Gambino,Camp,2011,269840,82,0zo4aX57COch7Wh3NRImTM
All Without You,"Laeland, Snøw",All Without You,2019,190060,0,7BGypfhx4xKPWX0r2lu5Du
Dear No One,Tori Kelly,Foreword,2013,197846,58,2wWboDFZJPWXVNlHUbdSVQ
Runaway,AURORA,All My Demons Greeting Me As A Friend (Deluxe),2016,248826,77,1v1oIWf2Xgh54kIWuKsDf6
I Want It All,Duncan Laurence,I Want It All,2022,192746,33,66qkBxuwjKxEbvLxo4tY0C
In My Blood,Shawn Mendes,Clean Hits for Kids,2021,211360,14,57lgz9jJl3O7hSx9nj7jjx
Two of Us,Louis Tomlinson,Walls,2020,217866,58,1eqwjXdMTed8Pz3PLNcHe9
Doubt,Twenty One Pilots,Blurryface,2015,191493,73,57yL3161hUMuw06zzzUCHi
Immigrant Song - Remaster,Led Zeppelin,Led Zeppelin III (Deluxe Edition),1970,146250,39,2G7woUgHMt6QBU7esQ5rsL
Sofia,Clairo,Immunity,2019,188386,80,7B3z0ySL9Rr0XvZEAjWZzM
Dancing in My Room,347aidan,Dancing in My Room,2020,180138,69,6Pgmqg15yVexuOgtzuxwoX
Wake Me Up,Avicii,True,2013,247426,87,0nrRP2bk19rLc0orkWPQk2
Lights Up,Harry Styles,Fine Line,2019,172213,71,4jAIqgrPjKLTY9Gbez25Qb
Love Runs Out,OneRepublic,Native,2014,224853,65,3cOO5IQtOYs7huq4Z6lYfr
Hello,Adele,25,2015,295502,75,1Yk0cQdMLx5RzzFTYwmuld
Congratulations,"Post Malone, Quavo",Stoney (Deluxe),2016,220293,82,3a1lNhkSLSkpJE4MSHpDu9
Payphone,"Maroon 5, Wiz Khalifa",Overexposed Track By Track,2012,231173,85,1XGmzt0PVuFgQYYnV2It7A
Therapy,"Andrew Garfield, Vanessa Hudgens","tick, tick... BOOM! (Soundtrack from the Netflix Film)",2021,164163,58,1iFgG6BeEPTbXsAok6zYxR
Back To You,Selena Gomez,13 Reasons Why (Season 2),2018,210240,68,514rhnksEwHUh6LxXsQ4Y9
PACIFICA,Oliver Dodge,PACIFICA,2021,205060,28,4utVrIyvmBFhNSLkOX49bB
Nandemonaiya - English ver.,RADWIMPS,Your Name. (Deluxe Edition / Original Motion Picture Soundtrack),2017,342453,0,33UykFNSJfuai1uGbyftAv
Break The Spell,"Da Tweekaz, Oscar",Time 2 Shine,2012,316004,29,0wCwnV6lMlg7WXFKLkKz9X
Say to You,Ali Gatie,Say to You,2019,194107,37,5eH0e7g26zWBwpGNeK3Gb0
We Did It!!!,grandson,Death Of An Optimist,2020,168736,0,0RPEegpP1AVUz9YcV5YTjT
Right Now (Na Na Na),Akon,Freedom,2008,240746,2,1ARJhjuI6TNYZCxYygFQ4F
Higher Love,"Kygo, Whitney Houston",Higher Love,2019,228267,75,6oJ6le65B3SEqPwMRNXWjY
Symphony (feat. Zara Larsson),"Clean Bandit, Zara Larsson",What Is Love? (Deluxe Edition),2018,212733,78,72gv4zhNvRVdQA0eOenCal
Heavydirtysoul,Twenty One Pilots,Blurryface,2015,234813,73,7i9763l5SSfOnqZ35VOcfy
Colors,Halsey,BADLANDS,2015,249499,69,1TnUURhehaoMWKAqQtirm6
Rescue Me,OneRepublic,Rescue Me,2019,158899,67,0mjAU3yKR1QnXnHtjGJqTM
Suffer,Charlie Puth,Nine Track Mind,2016,210680,53,60wzbPwV6EHfBTAf95rb9n
SAD!,XXXTENTACION,?,2018,166605,81,3ee8Jmje8o58CHK66QrVC2
Shadow of the Day,Linkin Park,Minutes to Midnight,2007,290360,15,2zjEMw9kkROEbAxIXk6Ivp
Far From Home (The Raven),Sam Tinnesz,Far From Home (The Raven),2018,264761,50,4kH98W7Wqeycg6CzrrX8JP
Love The Way You Lie,"Eminem, Rihanna",Recovery,2010,263373,86,15JINEqzVMv3SvJTAXAKED
Radioactive,Imagine Dragons,Night Visions,2012,186813,82,62yJjFtgkhUrXktIoSjgP2
Castle on the Hill,Ed Sheeran,÷ (Deluxe),2017,261153,80,6PCUP3dWmTjcTtXY02oFdT
Talking to the Moon,Bruno Mars,Doo-Wops & Hooligans,2010,217866,77,1wVuPmvt6AWvTL5W2GJnzZ
Nomad,"Zion.T, Gen Hoshino",Shang-Chi and The Legend of The Ten Rings: The Album,2021,204173,44,753sRMieYWBC6HGodwtkjI
Lie To Me,5 Seconds of Summer,Youngblood (Deluxe),2018,150467,63,3567eNX2L3RkkMkwspncMH
Loco Contigo (feat. J. Balvin & Tyga),"DJ Snake, J Balvin, Tyga",Carte Blanche,2019,185194,75,6osaMSJh9NguagEDQcZaKx
Blurred Lines,"Robin Thicke, T.I., Pharrell Williams",Blurred Lines (Deluxe),2013,263826,0,0Rz1KXsP4bhGxs0ffySSSn
Let's Fall in Love for the Night,FINNEAS,Let’s Fall In Love For The Night,2018,190348,1,7kQkmyoHCEqwe7QwDbkSXM
Too Much To Ask,Niall Horan,Flicker (Deluxe),2017,223043,66,39jXnbACjiaiTwwhsr5sY5
Stuck,Imagine Dragons,Origins (Deluxe),2018,190853,53,5Z9SQPYU95S6M1vcbLsDt2
Moving,The Happy Fits,Moving,2020,145466,0,61urkl8CxNjkBAwSL3vKbb
Strawberries & Cigarettes,Troye Sivan,Strawberries & Cigarettes,2018,201538,78,3afkJSKX0EAMsJXTZnDXXJ
Cold in LA,Why Don't We,Cold in LA,2019,206708,48,2soCr3tI1sJ6lFrxBPQVzQ
Dangerously,Charlie Puth,Nine Track Mind,2016,199133,72,3qonjOrhFCfTnaaMruHzxW
Every Summertime,NIKI,Shang-Chi and The Legend of The Ten Rings: The Album,2021,215666,46,06nIuUCXydh4DcVfFhJa4R
Flames,"David Guetta, Sia",Flames,2018,195000,66,33IOhptvC2Qoy2UhjiHXLV
Marchin On,OneRepublic,Waking Up,2009,251666,53,4BUtvtGTRvJB49Hx2F7lle
Story of My Life,One Direction,Midnight Memories (Deluxe),2013,245493,85,4nVBt6MZDDP6tRVdQTgxJg
Malibu Nights,LANY,Malibu Nights,2018,286928,74,0Eqg0CQ7bK3RQIMPw1A7pl
Lonely,Imagine Dragons,Mercury - Act 1,2021,159851,0,3mk4p8cBDd9bzTgooRrFoG
If You Need Me,Julia Michaels,If You Need Me,2019,216080,48,3dqcHUPGMQD5baOC5Ylp7L
Heaven,Avicii,TIM,2019,277261,66,0vrmHPfoBadXVr2n0m1aqZ
A Thousand Years,Christina Perri,Ballads,2020,285120,1,4qefHyLKbyW3yeqk5Jrjey
The Chain - 2004 Remaster,Fleetwood Mac,Rumours (Super Deluxe),1977,270213,82,5e9TFTbltYBg2xThimr0rU
Antisocial (with Travis Scott),"Ed Sheeran, Travis Scott",No.6 Collaborations Project,2019,161746,62,1DhRbox3xkceP64k3JeYfW
Jumpsuit,Twenty One Pilots,Trench,2018,238560,69,1E1uGhNdBe6Dddbgs2KqtZ
Mockingbird,Eminem,Encore (Deluxe Version),2004,250760,88,561jH07mF1jHuk7KlaeF0s
"City Of Stars - From ""La La Land"" Soundtrack","Ryan Gosling, Emma Stone",La La Land (Original Motion Picture Soundtrack),2016,149706,68,6XQHlsNu6so4PdglFkJQRJ
Maniac,Conan Gray,Maniac,2019,185786,21,7hpJ9tATWb2vztlq99hERP
Other World,Abudy,Other World,2021,183529,0,04pQkgI462qXdImM2FP69h
Jalebi Baby,Tesher,Jalebi Baby,2020,189375,64,6GKGoi0FHzldk1ZRQoV1fv
Better Broken,"Fintan, Alex Porat",Better Broken,2020,192176,29,5aRmwP3PJ7kQvnyrCevzvr
Meant to Be,"Bebe Rexha, Florida Georgia Line",Thinking Out Loud - Beautiful Songs,2021,164640,9,0NoVKzMcnQ2CkDivMv2085
Sunroof,"Nicky Youre, dazy",Sunroof,2021,163025,16,4h4QlmocP3IuwYEj2j14p8
Forever,Chris Brown,Forever,2008,278573,78,3NZJlJemX3mzjf56MqC5ML
Mind Is A Prison,Alec Benjamin,These Two Windows,2020,161697,63,2hGQDYmjkwTS0J7Q2bM2sF
Sky Blue and Black,Jackson Browne,I'm Alive,1993,367359,40,6eGOHPcCIUhrtlWgKfNiaY
Umbrella,Ember Island,Umbrella,2017,237793,63,2FX5HPP1FNNuLlt2UU9os7
War With Heaven,keshi,Shang-Chi and The Legend of The Ten Rings: The Album,2021,193373,58,14gmLQPNYokqB8OKxAp69f
Steal My Girl,One Direction,FOUR (Deluxe),2014,228133,81,2Bs4jQEGMycglOfWPBqrVG
Sea Shanty Medley,Home Free,Sea Shanty Medley,2021,234362,62,5mkoR8mVrEwpDQc9y54sM2
Be Alright,Dean Lewis,Be Alright,2018,196373,78,3EPXxR3ImUwfayaurPi3cm
3 Nights,Dominic Fike,"Don't Forget About Me, Demos",2018,177666,74,1tNJrcVe6gwLEiZCtprs1u
Ribs,Lorde,Pure Heroine,2013,258969,78,2MvvoeRt8NcOXWESkxWn3g
Hate How Much I Love You,Conor Maynard,Hate How Much I Love You,2019,175897,50,2v00WuRHH1WdnXxlHnyURi
Love Is Gone - Acoustic,"SLANDER, Dylan Matthew",Love Is Gone (Acoustic),2019,176971,78,7F1CiKqrY44kh5cDqwHOnx
So Far Away (feat. Jamie Scott & Romy Dya),"Martin Garrix, David Guetta, Jamie Scott, Romy Dya",So Far Away (feat. Jamie Scott & Romy Dya),2017,183636,65,0OlnLZY4cmQzT6ZGttvWBM
Call Out My Name,The Weeknd,"My Dear Melancholy,",2018,228373,86,09mEdoA6zrmBPgTEN5qXmN
Father And Son,Yusuf / Cat Stevens,Tea for the Tillerman,1970,221000,0,19slC7k8bsPOAKDjHYLU2W
In My Blood,Shawn Mendes,Shawn Mendes,2018,211360,74,2QZ7WLBE8h2y1Y5Fb8RYbH
People - Hindi Reprise,Nikhil D'Souza,People - Single,2020,188689,30,0hWGN19owiVVfI2f3ePxij
Ghost Of You,5 Seconds of Summer,Youngblood (Deluxe),2018,197411,71,1MhXdlCQPnO56T57MfmaRm
This Feeling,"The Chainsmokers, Kelsea Ballerini",Sick Boy,2018,197946,71,4NBTZtAt1F13VvlSKe6KTl
ブルーバード,Ikimonogakari,Chou Ikimonobakari Tennen Kinen Members Best Selection,2006,215706,69,2XpV9sHBexcNrz0Gyf3l18
SOS (feat. Aloe Blacc),"Avicii, Aloe Blacc",TIM,2019,157202,73,2x0RZdkZcD8QRI53XT4GI5
The Judge,Twenty One Pilots,Blurryface,2015,297760,65,1lguQJjlNrIOoOylYVZN3M
Grenade,Bruno Mars,Doo-Wops & Hooligans,2010,222091,81,4lLtanYk6tkMvooU0tWzG8
Swalla (feat. Nicki Minaj & Ty Dolla $ign),"Jason Derulo, Nicki Minaj, Ty Dolla $ign",Swalla (feat. Nicki Minaj & Ty Dolla $ign),2017,216408,73,6kex4EBAj0WHXDKZMEJaaF
How Do You Love Somebody,Why Don't We,How Do You Love Somebody,2022,180065,58,4j5gXarJqoiwh4ZIAqZcmh
Easier,5 Seconds of Summer,CALM,2020,158098,69,2bjUEg4jBtKBlPdNrTAppI
Dusk Till Dawn (feat. Sia) - Radio Edit,"ZAYN, Sia",Dusk Till Dawn (feat. Sia) [Radio Edit],2017,239000,74,1j4kHkkpqZRBwE0A4CN4Yv
Sweet Scar,"Weird Genius, Prince Husein, Eka Gustiwana, Reza Oktovian, Billy Taner",Sweet Scar,2017,194854,57,3R0FDwQSXOiO5gaOZFxKZ5
Eenie Meenie,"Sean Kingston, Justin Bieber",Eenie Meenie,2010,201946,81,4vVTI94F9uJ8lHNDWKv0i2
Hometown,Twenty One Pilots,Blurryface,2015,234946,68,40sRwFjfrRnaTdYPJIg4CP
Stuck,Ollie,Stuck,2019,263513,0,3ZSEV608VISnC8opWYmR2O
Mask Off,Future,FUTURE,2017,204600,82,0VgkVdmE4gld66l8iyGjgx
Falling,Trevor Daniel,Nicotine,2020,159381,77,0Aqi7ArnBrGblW5T6p2jmD
From The D 2 The LBC (with Snoop Dogg),"Eminem, Snoop Dogg",Curtain Call 2,2022,213745,57,6CPAznSrkDmiPBgLXoi00f
High Hopes,Panic! At The Disco,Pray for the Wicked,2018,190946,84,1rqqCSm0Qe4I9rUvWncaom
Somebody To Love,OneRepublic,Somebody To Love,2019,181408,50,0yc37FvbXRwwFaQxzpxbsd
Wavin' Flag - Coca-Cola® Celebration Mix,K'NAAN,Troubadour (Champion Edition - Asian Version),2009,212520,66,4nOygULhEuDO5ZBRNPFaso
First Class,Jack Harlow,First Class,2022,173947,8,1rDQ4oMwGJI7B4tovsBOxc
I Want It That Way,Backstreet Boys,Millennium,1999,213306,83,47BBI51FKFwOMlIiX6m8ya
"Alone, Pt. II","Alan Walker, Ava Max","Alone, Pt. II",2019,179052,71,0bMbDctzMmTyK2j74j3nF3
I Can't Carry This Anymore,Anson Seabra,I Can't Carry This Anymore,2019,200000,0,1NNnmmBEaId0uoWfvtNd8F
"Zero - From the Original Motion Picture ""Ralph Breaks The Internet""",Imagine Dragons,Origins (Deluxe),2018,210933,70,2bzitsPcImYC6DZWvvLCQi
The Scientist,Coldplay,A Rush of Blood to the Head,2002,309600,86,75JFxkI2RXiU7L9VXzMkle
I Don't Want Your Money (feat. H.E.R.),"Ed Sheeran, H.E.R.",No.6 Collaborations Project,2019,204506,51,3FHXUqaUer9o231Je1zxIN
It's Ok,Imagine Dragons,Mercury - Act 1,2021,202497,0,1BhkCNB6yE8OPdOnazI3O5
ME! (feat. Brendon Urie of Panic! At The Disco),"Taylor Swift, Brendon Urie, Panic! At The Disco",Lover,2019,193000,79,2Rk4JlNc2TPmZe2af99d45
Secrets,OneRepublic,Waking Up,2009,224693,78,1NhPKVLsHhFUHIOZ32QnS2
Better With You (with Benjamin Kheng),"Gentle Bones, Benjamin Kheng",Gentle Bones,2022,166000,1,4SjXHwsZevaRo1M2EQgHf6
Galway Girl,Ed Sheeran,÷ (Deluxe),2017,170826,79,0afhq8XCExXpqazXczTSve
Underdog,Alicia Keys,Underdog,2020,208207,0,3FGiFUJRRp5RGikVrs6kig
No Lie,"Sean Paul, Dua Lipa",Mad Love The Prequel,2018,221176,83,48QmG1dfvMuYLxMPt7KSRA
Let You Down,NF,Perception,2017,212120,80,52okn5MNA47tk87PeZJLEL
All Around The World (La La La),"R3HAB, A Touch Of Class",All Around The World (La La La),2019,147840,67,1D2Aldrksl9yWWCIPOeDzy
When We Were Kids,"Bangers Only, SauceOnly, Preston Pablo, Zeegs","Bangers Only, Vol. 1",2020,194067,43,1qG2NSd9c8wddWFmPty7ib
Let Me Love You,"DJ Snake, Justin Bieber",Encore,2016,205946,85,0lYBSQXN6rCTvUZvg9S0lU
Birds (feat. Elisa),"Imagine Dragons, Elisa",Birds,2019,219434,58,2uZVfvOK7MTjBTRICYmpso
Stranger Things (feat. OneRepublic) - Alan Walker Remix,"Kygo, OneRepublic, Alan Walker",Kids in Love (Remixes),2018,178413,60,76c4KOymiPUkWEeIIc0DQr
Hands,"Mike Perry, The Vamps, Sabrina Carpenter",Hands,2017,167195,0,5153LWKMJiMNIRCChGN4Ja
Better,Khalid,Better,2018,229412,66,4T3fNx3CgwDRRYgmFCbD4J
Wanted,OneRepublic,Wanted,2019,136247,51,6hLkeOMrhZ2CMLBp2of576
Bad Liar,Imagine Dragons,Origins (Deluxe),2018,260773,81,2RSHsoi04658QL5xgQVov3
The Climb,Miley Cyrus,The Time Of Our Lives (International Version),2009,234520,74,5x5JM1BSB6vollcIzDocqT
Drink About,"Seeb, Dagny",Nice To Meet You,2018,182265,45,73WJ6rYbtFi0Z2T4hPS1iN
Stuck,Imagine Dragons,Summer Heartbreak,2021,190853,0,2IOTCFBrDdmJqrIq3D71pJ
The Call,Regina Spektor,The Call,2009,187426,61,341863z079BT4EFPiSw9DP
No Promises (feat. Demi Lovato),"Cheat Codes, Demi Lovato",No Promises (feat. Demi Lovato),2017,223503,65,1louJpMmzEicAn7lzDalPW
On My Mind,Maximillian,Ripples,2019,174213,52,5NjfO70bhIyNOOFBcXb6ql
Anyway,Noah Kahan,Cape Elizabeth,2020,312145,64,5FwlCxV2Q4xjTywLsD3Kxe
Message Man,Twenty One Pilots,Blurryface,2015,240080,64,4Oyl6oYSNeeZZP0OAxPVaU
i'm so tired...,"Lauv, Troye Sivan",i'm so tired...,2019,162582,0,7COXchtUOMd6uIT6HvmRaI
How Long,Charlie Puth,Voicenotes,2018,200853,73,6wmAHw1szh5RCKSRjiXhPe
In The Dark (with Jhené Aiko),"Swae Lee, Jhené Aiko",Shang-Chi and The Legend of The Ten Rings: The Album,2021,161146,58,0zaoWwS8RpE3LSDdmkg8TC
Complicated (feat. Kiiara),"Dimitri Vegas & Like Mike, David Guetta, Dimitri Vegas, Kiiara",Complicated (feat. Kiiara),2017,184247,55,1Sl3njkhhz8nrSPZroDQ82
"Happy - From ""Despicable Me 2""",Pharrell Williams,G I R L,2014,232720,82,60nZcImufyMA1MKQY3dcCH
Left Right Left,Charlie Puth,Nine Track Mind,2016,206466,45,197CUwGpX84IMI7aWB1Cjk
Gangnam Style (강남스타일),PSY,Gangnam Style (강남스타일),2012,219493,75,03UrZgTINDqvnUMbbIMhql
Paris,The Chainsmokers,Memories...Do Not Open,2017,221506,77,72jbDTw1piOOj770jWNeaG
The Middle,"Zedd, Maren Morris, Grey",The Middle,2018,184732,79,09IStsImFySgyp0pIQdqAc
Without Me,Halsey,Manic,2020,201660,82,6FZDfxM3a3UCqtzo5pxSLZ
All of Me,John Legend,Love In The Future (Expanded Edition),2013,269560,87,3U4isOIWM3VvDubwSI3y7a
"Sextet Montage - Music from the Netflix Film ""tick, tick... BOOM!""","Gizel Jiménez, Joshua Henry, Cast of ""Superbia"" Workshop, The Cast of Netflix's Film tick, tick... BOOM!","Sextet Montage (Music from the Netflix Film ""tick, tick... BOOM!"")",2022,212724,39,4eW4WH9SW6vcXbome5HfLS
Lose Somebody,"Kygo, OneRepublic",Lose Somebody,2020,199549,62,7xbWAw3LMgRMn4omR5yVn3
Don't Look Down (feat. Usher),"Martin Garrix, USHER",Don't Look Down (feat. Usher),2015,223139,64,5M9jOReAKGZ2AttVefFjTY
Icy,Kim Petras,Clarity,2019,189803,50,3zmzb7WcCXpEAXq1RtQ7o4
Kill Em With Kindness - Acoustic,Selena Gomez,13 Reasons Why (A Netflix Original Series Soundtrack),2017,212693,50,6pezb9EwyygkHnJqkjLphG
Dancing Alone,GUS,Dancing Alone,2020,214615,18,7l1i65mQ4tlwOmQZiVPKt8
Time,NF,The Search,2019,240428,70,6MxMqCgqmekcr0VwSU7AVH
Don't Wanna Know (feat. Kendrick Lamar),"Maroon 5, Kendrick Lamar",Red Pill Blues (Deluxe),2018,214265,70,5o3GnrcFtvkdf3zFznuSbA
Give Me A Kiss,Crash Adams,Give Me A Kiss,2022,169204,0,0ocf3HwWhrXtA8r63Vcd2h
If I Can't Have You,Shawn Mendes,If I Can't Have You,2019,190800,68,6LsAAHotRLMOHfCsSfYCsz
Valentine,5 Seconds of Summer,Youngblood (Deluxe),2018,196628,58,19hh7DkfRBrpRGYfKlw7jb
Wolves,"Selena Gomez, Marshmello",Wolves,2017,197993,78,0tBbt8CrmxbjRP0pueQkyU
All We Know,"The Chainsmokers, Phoebe Ryan",All We Know,2016,194080,69,2rizacJSyD9S1IQUxUxnsK
But You Love It,KAYDEN,But You Love It,2020,188031,40,7cUPrTfP6VNOK22pZNEwbq
"Me, Myself & I","G-Eazy, Bebe Rexha",When It's Dark Out,2015,251466,78,40YcuQysJ0KlGQTeGUosTC
Fairly Local,Twenty One Pilots,Blurryface,2015,207160,65,1s9xuJxhYM0LdVqksjegcg
Sugar,Maroon 5,V,2014,235493,82,2iuZJX9X9P0GKaE93xcPjk
Lost,Maroon 5,JORDI (Deluxe),2021,172597,67,18XlJEroUwFo0tLZxscgXE
There for You,"Martin Garrix, Troye Sivan",There for You,2017,221904,65,6jA8HL9i4QGzsj6fjoxp8Y
Mirrors,Justin Timberlake,The 20/20 Experience (Deluxe Version),2013,484146,82,4rHZZAmHpZrA3iH5zx8frV
Crossfire,Stephen,Crossfire,2015,270510,56,5HjBpej4uHPAX8sMeUFJms
Jealous,Nick Jonas,Nick Jonas X2,2015,223106,69,2RqtfcLB7iOZj0zYB8Auhu
Get Lucky (Radio Edit) [feat. Pharrell Williams and Nile Rodgers],"Daft Punk, Pharrell Williams, Nile Rodgers",Get Lucky (Radio Edit) [feat. Pharrell Williams and Nile Rodgers],2013,248413,80,2Foc5Q5nqNiosCNqttzHof
Rise Up,Imagine Dragons,Evolve,2017,231720,67,3zT2616WcD9Df5m21OsCX0
Beautiful Now,"Zedd, Jon Bellion",True Colors,2015,218293,69,2ISSQPb9LHHiV6ng2NXosL
A Million Dreams,"Ziv Zaifman, Hugh Jackman, Michelle Williams",The Greatest Showman (Original Motion Picture Soundtrack),2017,269453,74,0RoA7ObU6phWpqhlC9zH4Z
Make You Mine,PUBLIC,Make You Mine,2019,232906,74,5iFwAOB2TFkPJk8sMlxP8g
Birds,Imagine Dragons,Origins (Deluxe),2018,219440,73,6Tvzf3VEi16JMhAgOwdt2y
Waiting for Tomorrow,The DRIIVE,Waiting for Tomorrow,2019,171259,27,0IUqNrIL1760I9fjtgobm7
Rewrite The Stars (with James Arthur & Anne-Marie),"James Arthur, Anne-Marie",Rewrite The Stars (with James Arthur & Anne-Marie),2018,218293,81,6mQLN3zRtAp6ovjusyYKrV
Sunflower - Spider-Man: Into the Spider-Verse,"Post Malone, Swae Lee",Spider-Man: Into the Spider-Verse (Deluxe Edition / Soundtrack From & Inspired By The Motion Picture),2019,158040,53,7dbka99KTWke5o9hRp0JoB
Heart Attack,Demi Lovato,Demi,2013,210840,81,1V6gIisPpYqgFeWbMLI0bA
Praise The Lord (Da Shine) (feat. Skepta),"A$AP Rocky, Skepta",TESTING,2018,205040,84,7ycWLEP1GsNjVvcjawXz3z
Follow You,Imagine Dragons,Follow You / Cutthroat,2021,175643,66,7FdUvDkaE24o3FPIWTvzv2
Rolling in the Deep,Adele,21,2011,228093,1,1eq1wUnLVLg4pdEfx9kajC
Not A Love Song,bülow,Damaged Vol. 1,2017,192293,52,45iMwUi9OBJlEIsTJ4AStR
Diana,One Direction,Midnight Memories (Deluxe),2013,184666,64,6twW4ma6w0mOeejejPK0nY
More Than You Know,Axwell /\ Ingrosso,More Than You Know,2017,203000,82,6h5PAsRni4IRlxWr6uDPTP
It Ain't Me (with Selena Gomez),"Kygo, Selena Gomez",It Ain't Me (with Selena Gomez),2017,220780,77,3eR23VReFzcdmS7TYCrhCe
My Blood,Westlife,My Blood,2019,197893,43,0QfK2sctatsomM50LGI8Os
Do I Wanna Know?,Arctic Monkeys,AM,2013,272394,88,5FVd6KXrgO9B3JPmC8OPst
Pet Cheetah,Twenty One Pilots,Trench,2018,198360,61,7daBwTiPNOVgoMUG4SICgh
Jealous,Labrinth,Jealous - EP,2014,287693,74,4G92yYrUs0cvY7G41YRI0z
Where Are You Now - Instrumental Version,All Star Hits,Where Are You Now (Originally Performed by Skrillex and Diplo feat. Justin Bieber) [Instrumental Version],2017,250400,5,5HFfQHSu3bqD70BcuS7hXy
Been You,Justin Bieber,Purpose (Deluxe),2015,199226,55,6gcA4zzG6FnMEgPSDKbAMs
not ur friend,Jeremy Zucker,love is not dying,2020,174520,55,2b2LUjMx9LKwIARJf93Rbd
Sunshine,OneRepublic,Sunshine,2021,163854,80,5r43qanLhUCdBj8HN3fa6B
Nina Cried Power,"Hozier, Mavis Staples","Wasteland, Baby!",2019,225306,56,2QsquiKBcjvDUlO6QyvMEs
Shadow Of Mine,Alec Benjamin,(Un)Commentary,2022,165765,57,1lcTe5gJ7MRlcLOv5BODr6
My Life,Imagine Dragons,Mercury - Act 1,2021,224512,0,6xSIsFET1hxpaYFQuHux4P
Mama Said,Lukas Graham,Lukas Graham,2016,206902,67,5ArQzSBevAdXTxRY6Ulhbq
broken,lovelytheband,finding it hard to smile,2018,204878,69,6XcfKZvJio9Z0fQy11GnNX
PILLOWTALK,ZAYN,PILLOWTALK,2016,203686,61,0IKK48xF4eEdfofyaeKWWO
Find You,Nick Jonas,Find You,2017,197893,55,77dwRzKegOkVtlHajKnDCb
Waiting for Superman,Daughtry,It's Not Over....The Hits So Far,2016,267333,45,01mWFDRL40UlnbOXya5gqm
The Heart Wants What It Wants,Selena Gomez,Chilling By The Window,2021,227373,0,7DAtaYT1iNKtXcB2iNG6qj
"Audio (feat. Sia, Diplo, and Labrinth)","Sia, Diplo, Labrinth, LSD","LABRINTH, SIA & DIPLO PRESENT... LSD",2019,204093,65,100eDEmpWV5YGVCqHI0leU
"Genius (feat. Sia, Diplo, and Labrinth)","Sia, Diplo, Labrinth, LSD","LABRINTH, SIA & DIPLO PRESENT... LSD",2019,213706,77,4xigPf2sigSPmuFH3qCelB
Only You,Selena Gomez,13 Reasons Why (A Netflix Original Series Score),2017,184080,52,6OKKfwf75kQ4veyLktYV7F
Girls Like You (feat. Cardi B) - Cardi B Version,"Maroon 5, Cardi B",Red Pill Blues (Deluxe),2018,235545,74,7fa9MBXhVfQ8P8Df9OEbD8
Chlorine,Twenty One Pilots,Trench,2018,324466,76,23OXdR7YuUBVWh5hSnYJau
Strong,One Direction,Midnight Memories (Deluxe),2013,184373,74,3cKM7UXBZmgjEgEBTkaIlU
Love Yourself,Justin Bieber,Purpose (Deluxe),2015,233720,85,50kpGaPAhYJ3sGmk6vplg0
Fool's Gold,One Direction,FOUR (Deluxe),2014,210893,66,0L5gFNrzHyh4OhMwEz6DGS
Unstoppable,The Score,ATLAS,2017,192106,72,6rrKbzJGGDlSZgLphopS49
Apocalypse,Cigarettes After Sex,Cigarettes After Sex,2017,290616,89,0yc6Gst2xkRu0eMLeRMGCX
I Knew You Were Trouble,Taylor Swift,I Knew You Were Trouble.,2012,219720,0,21K6jcmZPktm7MftqfLfLg
Thief,Ansel Elgort,Thief,2017,220680,52,3BtA1koBtnClfirgg4BpjI
Silence,"Marshmello, Khalid",Silence,2017,180822,83,7vGuf3Y35N4wmASOKLUVVU
End Of The Night,Danny Avila,End Of The Night,2018,205724,51,46n9OJc7LOIVdj8t2l5WA5
Jackie Chan,"Tiësto, Dzeko, Preme, Post Malone",Jackie Chan,2018,215759,70,4kWO6O1BUXcZmaxitpVUwp
Turn Me On (feat. Vula),"Riton, Oliver Heldens, Vula",Turn Me On (feat. Vula),2019,208473,71,0qaWEvPkts34WF68r8Dzx9
The Way I Am,Charlie Puth,Voicenotes,2018,186080,62,6qNALlmZa1ESnCxJmXE1K9
Old Town Road,Lil Nas X,7 EP,2019,113000,74,0F7FA14euOIX8KcbEturGH
Nothing Breaks Like a Heart (feat. Miley Cyrus),"Mark Ronson, Miley Cyrus",Nothing Breaks Like a Heart (feat. Miley Cyrus),2018,217466,74,27rdGxbavYJeBphck5MZAF
Wow.,Post Malone,Hollywood's Bleeding,2019,149546,82,7xQAfvXzm3AkraOtGPWIZg
You & I,One Direction,Midnight Memories (Deluxe),2013,237933,77,2afCBiru10AFckfOa49wIa
Goner,Twenty One Pilots,Blurryface,2015,236733,62,5P3yUXUC9rZPJPNmYGKEAz
Can I Get It,Adele,30,2021,210384,69,6w8ZPYdnGajyfPddTWdthN
Where Do Broken Hearts Go,One Direction,FOUR (Deluxe),2014,229040,66,6HFywc5eQYRRYHYTatCb5Y
Radioactive,Imagine Dragons,Night Visions (Deluxe),2012,186813,55,1PzoM54jr13a5eUfCycMKc
There's Nothing Holdin' Me Back,Shawn Mendes,Illuminate (Deluxe),2017,199440,87,7JJmb5XwzOO8jgpou264Ml
Favorite Peeps,Prateek Kuhad,The Way That Lovers Do,2022,193733,47,0SHa9XHwYYB1UUmgbgHuhQ
Mercy,Shawn Mendes,Illuminate (Deluxe),2017,208733,81,0AS63m1wHv9n4VVRizK6Hc
West Coast,Imagine Dragons,Origins (Deluxe),2018,217173,66,2nkoWsTZa8LKPNGdjI5uxj
Take Me Back to London (feat. Stormzy),"Ed Sheeran, Stormzy",No.6 Collaborations Project,2019,189733,64,1AI7UPw3fgwAFkvAlZWhE0
If the World Was Ending (feat. Julia Michaels),"JP Saxe, Julia Michaels",Dangerous Levels of Introspection,2021,209493,74,77MdvMx9L4ZQuLhhn3o21h
Half a Heart,One Direction,Midnight Memories (Deluxe),2013,188546,63,6nIE1oCE4udqMGv3bqVNVb
Without You,Oh Wonder,Oh Wonder,2015,224740,53,0IVHlst3XMgzXUJbIyZ8oO
Moonlight,XXXTENTACION,?,2018,135090,83,0JP9xo3adEtGSdUEISiszL
Best Song Ever,One Direction,Midnight Memories (Deluxe),2013,200106,77,5T7ZFtCcOgkpjxcuaeZbw0
Astronaut In The Ocean,Masked Wolf,Astronaut In The Ocean,2021,132780,74,3Ofmpyhv5UAQ70mENzB277
Someone You Loved,Lewis Capaldi,Divinely Uninspired To A Hellish Extent,2019,182160,90,7qEHsqek33rTcFNT9PFqLf
"always, i'll care",Jeremy Zucker,love is not dying,2020,146160,67,0rbKrBvZUYY9GN9l057BuY
Water Run Dry,"Chelsea Collins, 24kGoldn",Water Run Dry,2020,164302,4,1r7MrNL4fRwFjq5h9u5Zdf
Heart Attack,Enrique Iglesias,SEX AND LOVE (Deluxe),2014,170146,43,1zpFTApsJK8n8FO9XUeGJW
Mark My Words,Justin Bieber,Purpose (Deluxe),2015,134346,57,2SnNaoNhMjC1WRMTWD8qTX
Then There's You,Charlie Puth,Nine Track Mind,2016,214413,42,1hlFygofCSO8PfIrAougLY
you broke me first,Tate McRae,you broke me first,2020,169265,54,45bE4HXI0AwGZXfZtMp8JR
Wildest Dreams,Taylor Swift,1989,2014,220440,78,3fVnlF4pGqWI9flVENcT28
Sex,"Cheat Codes, Kris Kross Amsterdam",Sex,2016,228360,58,1MyWtH2yavuP1AHUi1X7ur
Sweater Weather,"Kurt Hugo Schneider, Alyson Stoner",Kurt & Company Vol 2,2017,228387,54,0kn9QwZW8Ow9eTuZgxVEz8
One Kiss (with Dua Lipa),"Calvin Harris, Dua Lipa",One Kiss (with Dua Lipa),2018,214846,86,7ef4DlsgrMEH11cDZd32M6
Counting Stars,OneRepublic,Native,2013,257265,88,2tpWsVSb9UEmDRxAl1zhX1
Stockholm Syndrome,One Direction,FOUR (Deluxe),2014,214720,69,6AzCBeiDuUXGXjznBufswB
Polarize,Twenty One Pilots,Blurryface,2015,226786,64,6GmkJJMe9U1tEcrJ3Hq3A1
Never Let You Go,Justin Bieber,My World 2.0,2010,264400,61,01BlGnXpLuC0BjgUxVYZFb
Centuries,Fall Out Boy,American Beauty/American Psycho,2015,228360,82,04aAxqtGp5pv12UXAg4pkq
Wait On Me,Rixton,Let The Road,2014,237866,48,6CLx4X6ovfxFwcBbr5vv59
Toothbrush,DNCE,DNCE,2016,231813,66,7ciLq0Cip0yxiz6KANrOUq
Turn Back Time,Daniel Schulz,Turn Back Time,2017,223561,57,4KnnWpUyPfQD6X5SQSTlH3
Happy Now,"Zedd, Elley Duhé",Happy Now,2018,207029,67,4keoy2fqgwGnbWlm3ZVZFa
Geronimo,Sheppard,Bombs Away,2015,218227,74,0qt5f5EL92o8Snzopsv0en
Warriors,Imagine Dragons,Smoke + Mirrors (Deluxe),2015,171040,73,1sWeSMifj6Z6kZyI6z3bRc
Believer,Imagine Dragons,Evolve,2017,204346,88,0pqnGHJpmpxLKifKRmU6WP
Ni**as In Paris,"JAY-Z, Kanye West",Watch The Throne (Deluxe),2011,219333,25,4Li2WHPkuyCdtmokzW2007
I Don’t Know Why,Imagine Dragons,Evolve,2017,190120,62,28heol5hhOGj6KYbJrRteJ
Natural,Imagine Dragons,Origins (Deluxe),2018,189466,83,2FY7b99s15jUprqC0M5NCT
I Found A Girl,The Vamps,Wake Up (Deluxe),2015,179440,54,7I8EGPtqTwlC0UlCAkpYtP
Whatever It Takes,Imagine Dragons,Evolve,2017,201240,84,6Qn5zhYkTa37e91HC1D7lb
Born To Be Yours,"Kygo, Imagine Dragons",Born To Be Yours,2018,193320,71,0kHyKhJMukHEPfeh8s7rdM
My Mind & Me,Selena Gomez,My Mind & Me,2022,147597,68,0XER3HPMx223xWaAgNKp4Y
Love You Like A Love Song,Selena Gomez & The Scene,When The Sun Goes Down,2011,188453,82,0laYHRpNTS6i8FXdupHkJ4
We Don't Believe What's on TV,Twenty One Pilots,Blurryface,2015,177200,65,22OqansuvEMQu9W0EfiGTI
River (feat. Ed Sheeran),"Eminem, Ed Sheeran",Revival,2017,221013,73,1cS0TgbR263ey9jn0MwD2s
All The Stars (with SZA),"Kendrick Lamar, SZA",Black Panther The Album Music From And Inspired By,2018,232186,87,3GCdLUSnKSMJhs4Tj6CV3s
Legend,Twenty One Pilots,Trench,2018,172560,60,1CDVadnneswMxi6gBqJTtC
Wham Bam Shang-A-Lang,Silver,Silver,1976,212840,70,3qrEG6rQ9Qm72MNWeUKKiU
一途,King Gnu,一途,2021,190606,70,7ncPjJBktLEOpstY5JOUMK
unravel,TK from Ling tosite sigure,Fantastic Magic,2014,238360,0,0GLyqTysS0DFoeKjURtB8s
Bullet In A Gun,Imagine Dragons,Origins (Deluxe),2018,204853,55,3R4Xk37WTagjzODMNEQLvs
I Want to Write You a Song,One Direction,Made In The A.M. (Deluxe Edition),2015,179013,60,608R6FvRtAqf2dvgKMzebP
"Smile, Love","knowuh, Khareel",The Flower Shop,2018,241340,29,0wljVBbtJOBQyHDcblta81
Silence,Before You Exit,"love, pain, & retrospect",2019,200959,0,6l0SEG60EHOxny0ZA4lxmO
"CAN'T STOP THE FEELING! (from DreamWorks Animation's ""TROLLS"")",Justin Timberlake,"CAN'T STOP THE FEELING! (from DreamWorks Animation's ""TROLLS"")",2016,236001,80,6JV2JOEocMgcZxYSZelKcc
Stay The Night - Featuring Hayley Williams Of Paramore,"Zedd, Hayley Williams",Clarity (Deluxe),2014,217346,64,4bT2zLVv2T4GiK9q9KtI0v
Addicted To You,Avicii,True,2013,148386,76,4eDYMhIin1pSLIG96f1aD0
a thousand years,Christina Perri,A Thousand Years,2011,285120,82,6lanRgr6wXibZr8KgzXxBl
High On Life (feat. Bonn),"Martin Garrix, Bonn",High On Life (feat. Bonn),2018,230761,70,4ut5G4rgB1ClpMTMfjoIuy
Friction,Imagine Dragons,Smoke + Mirrors (Deluxe),2015,201813,53,4odGB283pgwsBUCYmjpXRq
Talk,Why Don't We,8 Letters,2018,190346,56,6rsm9NTgl9kKPatf7S1yCS
Moving,The Happy Fits,What Could Be Better,2020,145466,0,5TDKVewGnZIbQP2E0XZvLj
Why Did I Answer?,Porsche Love,Genesis,2020,98507,0,28TpzUIZmbj2Va4E0FkcFa
Boyfriend,Justin Bieber,Believe (Deluxe Edition),2012,171333,62,2L7rZWg9RLxIwnysmxm4xk
Trust Fund Baby,Why Don't We,Trust Fund Baby,2018,184460,62,54j7EaJPDmSZYcNYvLSJ78
Somebody That I Used To Know,"Gotye, Kimbra",Making Mirrors,2011,244884,82,1qDrWA6lyx8cLECdZE7TV7
21 Guns,Green Day,21st Century Breakdown,2009,322040,49,3IHHqmfKJHyI0obINUdg1W
Olivia,One Direction,Made In The A.M. (Deluxe Edition),2015,177973,68,5dONhl6aXFuN86UBdayF6W
Shotgun,George Ezra,Staying at Tamara's,2018,201287,78,4ofwffwvvnbSkrMSCKQDaC
Drown (feat. Clinton Kane),"Martin Garrix, Clinton Kane",Drown (feat. Clinton Kane),2020,174062,64,4RVtBlHFKj51Ipvpfv5ER4
Didn't I,OneRepublic,Human (Deluxe),2021,207616,50,2IpeTEPICyB66jjg2hU4Vg
Levitate,Twenty One Pilots,Trench,2018,145946,66,2uBhGx3m5iJrtsql8Qk00j
Heroes (we could be),"Alesso, Tove Lo",Forever,2015,210013,72,3zU9rdflI65tK4dkkNSp77
Hurts So Good,Astrid S,Astrid S,2016,208728,69,46ydq5g3k17iLJs3qMDvO6
Middle,"DJ Snake, Bipolar Sunshine",Encore,2016,220760,32,1LoFGRRznfwT0vGah3FAyh
Mi Gente,"J Balvin, Willy William",Mi Gente,2017,189440,68,4ipnJyDU3Lq15qBAYNqlqK
Sucker,Jonas Brothers,Happiness Begins,2019,181026,81,22vgEDb5hykfaTwLuskFGD
Watermelon Sugar,Harry Styles,Fine Line,2019,174000,88,6UelLqGlWMcVH1E5c4H7lY
Underdog,Alicia Keys,ALICIA,2020,204400,64,7FsAFw1oZeTJUZmIzSh0cg
2002,Anne-Marie,Speak Your Mind (Deluxe),2018,186986,81,2BgEsaKNfHUdlh97KmvFyo
Middle Of The Night,"The Vamps, Martin Jensen",Night & Day (Night Edition),2017,174600,54,74vs7PD7iG2GnWUGnb8Yuq
Arcade,Duncan Laurence,Arcade,2019,183624,77,1Xi84slp6FryDSCbzq4UCD
Our Way Out,Nico Collins,Our Way Out,2019,243003,47,01WJWHv12F3nWeXGYsmOOs
Heads Will Roll,Yeah Yeah Yeahs,It's Blitz!,2009,221000,69,2WRFD9WczJ975X2K1Y9YVs
Uptown Funk (feat. Bruno Mars),"Mark Ronson, Bruno Mars",Uptown Special,2015,269666,85,32OlwWuMpZ6b0aN2RZOeMS
Yellow,Coldplay,Parachutes,2000,266773,90,3AJwUDP919kvQ9QcozQPxg
Unholy (feat. Kim Petras),"Sam Smith, Kim Petras",Unholy (feat. Kim Petras),2022,156943,82,3nqQXoyQOWXiESFLlDF1hG
Unbelievable,Why Don't We,Unbelievable,2019,189384,54,1LHfEkVMR0Yj20C8lWdgpA
Levitating,Dua Lipa,Future Nostalgia,2020,203807,79,39LLxExYz6ewLAcYrzQQyP
Levitate - From The Original Motion Picture “Passengers”,Imagine Dragons,Levitate (From The Original Motion Picture “Passengers”),2016,198173,48,60EFFQmSfrNMPUMGnfxBbO
Harmony Hall,Vampire Weekend,Father of the Bride,2019,308733,61,39exKIvycQDgs4T6uXdyu0
Best of Me,NEFFEX,Best of Me: The Collection,2019,227200,42,3kWoU9YVIpaqH2qL2vV98P
Polaroid,Imagine Dragons,Smoke + Mirrors (Deluxe),2015,230013,48,2Mi65Ygq54y5O4vSxBNWkV
Cheap Thrills (feat. Sean Paul),"Sia, Sean Paul",Cheap Thrills (feat. Sean Paul),2016,224813,67,6b3b7lILUJqXcp6w9wNQSm
Better Now,Post Malone,beerbongs & bentleys,2018,231266,81,7dt6x5M1jzdTEt8oCbisTK
Hope,"The Chainsmokers, Winona Oak",Sick Boy,2018,180120,64,4BiiOzZCrXEzHRLYcYFiD5
Wind Of Change,Scorpions,Crazy World,1990,312360,81,3ovjw5HZZv43SxTwApooCM
Past Life (with Selena Gomez),"Trevor Daniel, Selena Gomez",Past Life (with Selena Gomez),2020,186480,1,4P6IttK2PRBjyr3fm0pP7t
Boomerang,Imagine Dragons,Origins (Deluxe),2018,187800,58,2B1fuWoWaYnCXbjYp1gXg5
Thunderclouds - Lost Frequencies Remix,"Sia, Diplo, Labrinth, LSD, Lost Frequencies",Thunderclouds (Lost Frequencies Remix),2018,198493,49,5xQyeo1rXqNAMgZhFXv8z7
What Makes You Beautiful,One Direction,Up All Night,2012,199986,86,4cluDES4hQEUhmXj6TXkSo
Gimme More,Britney Spears,Blackout,2007,251240,83,6ic8OlLUNEATToEFU3xmaH
Something Just Like This,"The Chainsmokers, Coldplay",Memories...Do Not Open,2017,247160,88,6RUKPb4LETWmmr3iAEQktW
On Top Of The World,Imagine Dragons,Night Visions (Deluxe),2012,189840,0,4eLSCSELtKxZwXnFbNLXT5
Want You Back,5 Seconds of Summer,Youngblood (Deluxe),2018,173081,63,2vHfabj6nFebekTYODqntl
IDGAF,Dua Lipa,Dua Lipa (Deluxe),2017,217946,79,76cy1WJvNGJTj78UqeA5zr
One More Time,Daft Punk,Discovery,2001,320357,77,0DiWol3AO6WpXZgp0goxAV
Happier,Ed Sheeran,÷ (Deluxe),2017,207520,77,2RttW7RAu5nOAfq6YFvApB
Mood (feat. iann dior),"24kGoldn, iann dior",Mood (feat. iann dior),2020,140525,6,3tjFYV6RSFtuktYl3ZtYcq
Symphony (feat. Zara Larsson),"Clean Bandit, Zara Larsson",Symphony (feat. Zara Larsson),2017,212459,74,1x5sYLZiu9r5E43kMlt9f8
Waiting For Love,Avicii,Stories,2015,230613,82,2P4OICZRVAQcYAV2JReRfj
Tangled Up,Parade of Lights,13 Reasons Why (Season 2),2018,212280,37,6ZLDD0V5cHIYBLk0QYgRf3
"Flashlight (Sweet Life Mix) - From ""Pitch Perfect 2"" Soundtrack",Hailee Steinfeld,Pitch Perfect 2 - Special Edition (Original Motion Picture Soundtrack),2015,178320,57,6W5RmgWh46p9RQ4LDezHKE
"i hate u, i love u (feat. olivia o'brien)","gnash, Olivia O'Brien",us,2016,251033,76,7vRriwrloYVaoAe3a9wJHe
"I don’t even speak spanish lol - feat. Rio Santana, Judah, Andrez Babii","XXXTENTACION, Rio Santana, Judah, Andrez Babii",?,2018,192229,61,14boA065HMHWvqyPPEeN4y
The Real Slim Shady,Eminem,The Marshall Mathers LP,2000,284200,87,3yfqSUWxFvZELEM4PmlwIR
See You Again (feat. Charlie Puth),"Wiz Khalifa, Charlie Puth",Nine Track Mind,2016,229525,58,66CFbqJScx6zRieGllITcs
Demons,Alec Benjamin,These Two Windows,2020,163171,59,57zRWXTQCFRV3zwg0NR8Ck
Better Than Words,One Direction,Midnight Memories (Deluxe),2013,208666,59,4qG3Um3jXlQnaQV1yVo3it
"thank u, next",Ariana Grande,"thank u, next",2019,207320,81,3e9HZxeyfWwjeyPAMmWSSQ
Stuck In The Moment,Justin Bieber,Summer Chillout,2021,222960,0,2bDoL3CLxKa4yANT6K9vwJ
Slow Motion,Charlotte Lawrence,Slow Motion,2020,183849,50,09svEvkmTi9vw4kWRyBC6X
Night Changes,One Direction,FOUR (Deluxe),2014,226600,88,5O2P9iiztwhomNh8xkR9lJ
She Looks So Perfect,5 Seconds of Summer,5 Seconds Of Summer,2014,202496,74,1CQ2cMfrmFM1YdfmjENKVE
Overboard,"Justin Bieber, Jessica Jarrell",My World 2.0,2010,251186,61,1tzkJMX3gNjnpcHdLD0pM3
Cold (feat. Future),"Maroon 5, Future",Red Pill Blues (Deluxe),2018,234308,72,2NlTOhsAamXOaZciOXbITb
Fight Back,NEFFEX,Fight Back: The Collection,2018,200571,73,6KigD0mlF4VGDYiSEzAyYw
These Girls,Why Don't We,These Girls,2017,169012,47,1Fc4NYNUePCq7ab5ftg7Ty
Hope,XXXTENTACION,?,2018,110886,84,2ZRo7axmMPeSVUvDbGkJah
"Hey Mama (feat. Nicki Minaj, Bebe Rexha & Afrojack)","David Guetta, AFROJACK, Bebe Rexha, Nicki Minaj",Listen,2014,192560,74,285HeuLxsngjFn4GGegGNm
Wrapped Around Your Finger,Post Malone,Twelve Carat Toothache,2022,193565,69,6Kfoo60npYPdvNxMPMiDpX
Love Is Gone,"SLANDER, Dylan Matthew",Love Is Gone,2019,256042,64,39glqzRVRAy4vq3PqeTGb8
Scars To Your Beautiful,Alessia Cara,Know-It-All (Deluxe),2016,230226,72,42ydLwx4i5V49RXHOozJZq
B U M M E R,Chkody,B U M M E R,2020,157241,18,5vZ1DfRwPTjss87r1FMMCH
Didn't I,OneRepublic,Didn't I,2020,207616,54,6ikDZX0oc8EKGj2vdMAEDv
Move Away,The Killers,Sawdust,2007,229973,35,2B1bCJy5l1nrruMO2GUbIu
I Took A Pill In Ibiza - Seeb Remix,"Mike Posner, Seeb","At Night, Alone. (Expanded Edition)",2016,197933,55,62UAFVREdTssSevwa5jqhF
Capital Letters,"Hailee Steinfeld, BloodPop®",Fifty Shades Freed (Original Motion Picture Soundtrack),2018,219373,69,6l0Ky2PycJV1Bz88kFeVGL
Show Me the Meaning of Being Lonely,Backstreet Boys,Millennium,1999,234960,70,3BsaRV5QIulYz2lV9WWa8T
Sweet Dreams (Are Made of This) - Remastered,"Eurythmics, Annie Lennox, Dave Stewart",Sweet Dreams (Are Made Of This),1983,216933,86,1TfqLAPs4K3s2rJMoCokcS
Heathens,Twenty One Pilots,Heathens,2016,195920,82,6i0V12jOa3mr6uu4WYhUBr
My Blood,Twenty One Pilots,Trench,2018,229120,70,5HeKOKc4phmLn8e4I7EkzD
Thunder,Imagine Dragons,Evolve,2017,187146,87,1zB4vmk8tFRmM9UULNzbLB
Here Without You,3 Doors Down,Away From The Sun,2002,238733,77,3NLrRZoMF0Lx6zTlYqeIo4
Bored,Billie Eilish,Bored,2017,180933,82,04sN26COy28wTXYj3dMoiZ
Beautiful People (feat. Khalid),"Ed Sheeran, Khalid",Beautiful People (feat. Khalid),2019,197866,72,4evmHXcjt3bTUHD1cvny97
Attention,Charlie Puth,Voicenotes,2018,208786,83,5cF0dROlMOK5uNZtivgu50
The Search,NF,The Search,2019,248040,71,2OKo7g3KfmCt3kyLvUAL0g
Sharks,Imagine Dragons,Mercury - Acts 1 & 2,2022,190883,72,7sA2SKTo1QbTSSYn5YvJC4
In the Name of Love,"Martin Garrix, Bebe Rexha",In the Name of Love,2016,195706,80,23L5CiUhw2jV1OIMwthR3S
2U (feat. Justin Bieber),"David Guetta, Justin Bieber",2U (feat. Justin Bieber),2017,194896,66,3A7qX2QjDlPnazUsRk5y0M
Lie To Me (feat. Julia Michaels),"5 Seconds of Summer, Julia Michaels",Lie To Me (feat. Julia Michaels),2018,149877,62,6GzApXoBQiiAjak3tOQfV3
Jet Black Heart,5 Seconds of Summer,Sounds Good Feels Good (Deluxe),2015,221715,57,6U0D8PIh75fnX6T6TWJLxl
Wrecking Ball,Miley Cyrus,Bangerz (Deluxe Version),2013,221360,83,2vwlzO0Qp8kfEtzTsCXfyE
Kids,OneRepublic,Oh My My,2016,238386,59,5mQNY6pTeSDl2doFB7uLbE
MIDDLE OF THE NIGHT,Elley Duhé,MIDDLE OF THE NIGHT,2020,184447,80,58HvfVOeJY7lUuCqF0m3ly
Die For You,"VALORANT, Grabbitz",Die For You,2021,212926,69,2lz3zjQ5QCVXiyOzIk02vW
Before You Go,Lewis Capaldi,Divinely Uninspired To A Hellish Extent (Extended Edition),2019,215106,85,2gMXnyrvIjhVBUZwvLZDMP
butterflies,Caj Flow,butterflies,2020,124992,20,5aOYPY0XXXEugW2EGFKOo6
We Don't Talk Anymore (feat. Selena Gomez),"Charlie Puth, Selena Gomez",Nine Track Mind,2016,217706,82,06KyNuuMOX1ROXRhj787tj
If the World Was Ending (feat. Julia Michaels),"JP Saxe, Julia Michaels",If the World Was Ending (feat. Julia Michaels),2019,208687,77,2kJwzbxV2ppxnQoYw4GLBZ
Lane Boy,Twenty One Pilots,Blurryface,2015,253093,67,2P61EK6DMGyVyssLWS4fKy
I Like You (A Happier Song) (with Doja Cat),"Post Malone, Doja Cat",Twelve Carat Toothache,2022,192840,82,0O6u0VJ46W86TxN9wgyqDj
Cool Out,Imagine Dragons,Origins (Deluxe),2018,217866,56,6LXMUR2rpxFBDo6nilS3yX
Faded,Alan Walker,Faded,2015,212626,0,1brwdYwjltrJo7WHpIvbYt
Happier,"Marshmello, Bastille",Happier,2018,214289,25,2dpaYNEQHiRxtZbfNsse99
There's Nothing Holdin' Me Back,Shawn Mendes,Illuminate (Deluxe),2017,199440,87,7JJmb5XwzOO8jgpou264Ml
Only You,Calum Scott,Only Human (Deluxe),2018,225389,42,239Je07Zd3HUxLtm9aSARq
Down,"Jay Sean, Lil Wayne",All Or Nothing,2009,212506,80,6cmm1LMvZdB5zsCwX5BjqE
Could This Be Love,The Wanted,Word Of Mouth (Deluxe),2013,188337,45,5OHwyr1icA3MYqRMiSKAMu
Used to Me,Luke Chiang,Used to Me,2019,179500,0,3XRCW9Ty46AMuKEPFjAZom
Strip That Down (feat. Quavo),"Liam Payne, Quavo",LP1,2019,202061,69,29JrmE89KgRyCxBIzq2Ocw
Who Says,Selena Gomez & The Scene,When The Sun Goes Down,2011,195613,75,3TcL0dyCMyr0kyTTc4NLgI
All Rise,Blue,All Rise,2001,223546,65,7jley98gCQFueQ5MCaFWIb
Bones (feat. OneRepublic),"Galantis, OneRepublic",Bones (feat. OneRepublic),2019,205792,58,1pfgsjmxVZhoZpeDx6POKv
comethru,Jeremy Zucker,"summer,",2018,181613,75,18uwL0vNUanqZH0ro2QcOP
Just the Two of Us (feat. Bill Withers),"Grover Washington, Jr., Bill Withers",Anthology,1985,438493,76,1ko2lVN0vKGUl9zrU0qSlT
Last Hurrah,Bebe Rexha,You & Me,2021,150333,4,0zgxSHqxoVGMyeeKCLyWoX
Not Today,Twenty One Pilots,Blurryface,2015,238040,62,7qxjGHW485TL8ciwkHD5MK
Bombay Dreams (feat. Kavita Seth),"KSHMR, Lost Stories, Kavita Seth",Bombay Dreams (feat. Kavita Seth),2019,198461,51,4SlCYFaUQ8GRuwdpgniaGF
Why,Sabrina Carpenter,Why,2017,171096,59,1byScELwcJffsdL5QWa6Yk
Dancing In The Dark,Imagine Dragons,Evolve,2017,233933,54,3adVVrcE2KS26OL4rYd27O
Our Song,"Anne-Marie, Niall Horan",Therapy,2021,163733,63,3fGW43fnu3OHEw6ohTC2Bw
Our Song,"Anne-Marie, Niall Horan",Therapy,2021,163733,63,3fGW43fnu3OHEw6ohTC2Bw
No Control,One Direction,FOUR (Deluxe),2014,199720,70,4JaLkM90MJutDAl5jD9BZX
Bones,Imagine Dragons,Mercury - Acts 1 & 2,2022,165264,85,54ipXppHLA8U4yqpOFTUhr
Bandito,Twenty One Pilots,Trench,2018,330986,62,5INKIG4QNuD4xq7qZcfPzp
Team,Lorde,Pure Heroine,2013,193058,77,3G6hD9B2ZHOsgf4WfNu7X1
Monte Carlo,Remi Wolf,Monte Carlo,2020,143793,51,3CXCtE8qJIFtUJJZRKCcXC
Midnight Memories,One Direction,Midnight Memories (Deluxe),2013,176320,67,5wjmqUGN7vrAqFqDWrywlZ
Wavin' Flag - Coca-Cola® Celebration Mix,K'NAAN,Troubadour (Champion Edition - Asian Version),2009,212520,66,4nOygULhEuDO5ZBRNPFaso
Down To Earth,Justin Bieber,My World,2009,245760,59,1q9pBaYcydq7LyYwD8SEBs
Just the Way You Are,Bruno Mars,Doo-Wops & Hooligans,2010,220734,81,47Slg6LuqLaX0VodpSCvPt
Personal,HRVY,Talk To Ya - EP,2017,198040,65,33KJ2xFYONOlIYDBg6wPx8
overwhelmed,Royal & the Serpent,Overwhelmed,2020,159293,67,5jjZikDrEd0by1o7V3fO4y
Unstoppable,Sia,This Is Acting,2016,217746,82,2J2Z1SkXYghSajLibnQHOa
"These Days (feat. Jess Glynne, Macklemore & Dan Caplen)","Rudimental, Jess Glynne, Macklemore, Dan Caplen","These Days (feat. Jess Glynne, Macklemore & Dan Caplen)",2018,210772,72,5CLGzJsGqhCEECcpnFQA8x
Glorious (feat. Skylar Grey),"Macklemore, Skylar Grey",GEMINI,2017,220454,78,0CokSRCu5hZgPxcZBaEzVE
Wrecked,Imagine Dragons,Mercury - Act 1,2021,244004,0,149BxWeweaCqmsyedkNiiE
Hymn for the Weekend,Coldplay,A Head Full of Dreams,2015,258266,83,3RiPr603aXAoi4GHyXx0uy
Let Me Down Slowly,Alec Benjamin,Narrated For You,2018,169353,87,2qxmye6gAegTMjLKEBoR3d
Dangerous,"Kardinal Offishall, Akon",Not 4 Sale,2008,246053,75,4NOZ35Dhucr6UlVyLOtktd
Little White Lies,One Direction,Midnight Memories (Deluxe),2013,197920,59,0O6VeBiFCwHrpVURJSsGsU
Armor,Landon Austin,Armor,2014,212066,49,0o9MIPIGM8svRpfdQGTvUX
Until I Found You,Stephen Sanchez,Until I Found You,2021,177720,80,0T5iIrXA4p5GsubkhuBIKV
I Can't Hate You,"Kayou., yaeow",I Can't Hate You,2020,178480,51,21NeQgKhabORuZ3pfsPfz5
In the End,Linkin Park,Hybrid Theory (Bonus Edition),2000,216880,88,60a0Rd6pjrkxjPbaKzXjfq
Fake,"Lauv, Conan Gray",Fake,2020,146375,0,4Gt2kh3QbAGU6yquOWn4aW
Lost Boy,Ruth B.,Safe Haven,2017,276066,70,0zMzyHAeMvwq5CRstru1Fp
Smithereens,Twenty One Pilots,Trench,2018,177040,63,5G6Gt9RtNaeIE418pd4yre
Little Do You Know,Alex & Sierra,It's About Us,2014,185200,73,1almCHdsfikRPfVB9VrEdT
Love Me So,Stereo Kicks,Love Me So,2015,209906,32,7H0VMbKqJJcsuBYuiJt5wx
Graveyard,Halsey,Manic,2020,181805,66,2ufmtcIFdFpuUYBPXK5f67
Good Years,ZAYN,Icarus Falls,2018,180120,57,6CJLdpuz4utMTypcE8kUG3
Rise,"Jonas Blue, Jack & Jack",Blue,2018,194407,71,5ZSl6gDoV6bPPxzmLeneV9
24K Magic,Bruno Mars,24K Magic,2016,225983,81,6b8Be6ljOzmkOmFslEb23P
Sick Boy,The Chainsmokers,Sick Boy,2018,193200,66,58kZ9spgxmlEznXGu6FPdQ
In My Blood,Shawn Mendes,Shawn Mendes,2018,211360,74,2QZ7WLBE8h2y1Y5Fb8RYbH
It's Time,Imagine Dragons,Night Visions,2012,240306,75,7MXlTgQeo3IVlMpLnZuhxc
Teeth,5 Seconds of Summer,13 Reasons Why (Season 3),2019,204887,69,26wLOs3ZuHJa2Ihhx6QIE6
Imagination,Shawn Mendes,Handwritten (Deluxe),2015,217773,73,21TcDbGosp7w9YhTjOszgA
Don't Start Now,Dua Lipa,Just the Way You Are - Hit Rewind,2021,183290,20,5nV3w1eQFsB2TSjbtiEAmn
Hiding In The Blue,"TheFatRat, RIELL",Hiding In The Blue,2021,221700,53,1C0bqVWvJOBi58G1SNgp0k
Here,Alessia Cara,Know-It-All (Deluxe),2016,199453,65,664gdARxaClFsoF5SXKOws
New Rules,Dua Lipa,Dua Lipa (Deluxe),2017,209320,81,2ekn2ttSfGqwhhate0LSR0
Spaces,One Direction,FOUR (Deluxe),2014,256706,58,4lrC9aBnzlG9U5DDoHMnyt
Talking Body,Tove Lo,Queen Of The Clouds,2014,238426,67,7cgu4JBW3hq1GwTM1ilkKQ
Level of Concern,Twenty One Pilots,Level of Concern,2020,220051,66,6xZ4Q2k2ompmDppyeESIY8
Nico and the Niners,Twenty One Pilots,Trench,2018,225040,69,5SehvGGC53A7SZKCLXQcyt
Walking The Wire,Imagine Dragons,Evolve,2017,232906,70,1y3bE5i57eUm3hfLAc7h08
All Time Low,"Jon Bellion, Stormzy",All Time Low,2017,219460,53,7qVjoGvjdOFfk3uKVhvZU9
Lose Control,"MEDUZA, Becky Hill, Goodboys",Lose Control,2019,168387,73,7CHi4DtfK4heMlQaudCuHK
Feel Me,Selena Gomez,Rare (Deluxe),2020,226002,60,4mt7C6wYeTUWDDk7xKym9w
Hustler,Zayde Wølf,Golden Age,2016,194771,0,0RmUjJteEkkF5kKdhEfwNe
Heat Waves,Glass Animals,Dreamland,2020,238805,88,3USxtqRwSYz57Ewm6wWRMp
Maps,Maroon 5,V (Asia Tour Edition),2015,189960,73,7oUHzZKNKUTrlU7DYxhQ7v
Alone,Marshmello,Alone,2016,273802,0,12mGwph2YzDIlChtq3EdXP
Greenlight (feat. Flo Rida & LunchMoney Lewis),"Pitbull, Flo Rida, LunchMoney Lewis",Greenlight (feat. Flo Rida & LunchMoney Lewis),2016,244173,67,2q95XoeFGixx8b5LNF6Ey1
Under the Moon,"Claptone, Nathan Nicholson",Fantast,2018,194386,52,5kCnPMaiUNbPxDjL24gGkb
One Dance,"Smg, Atteev, Frntflw",One Dance,2020,192000,15,2fDyhCpqJfECadcxiP4uTn
DAMNSON,Hanumankind,DAMNSON,2021,150943,37,630ZXewu63FXyhoiKpO6tC
Crashing (feat. Bahari),"ILLENIUM, Bahari",Crashing (feat. Bahari),2019,230000,44,7egj375ez0KtF3bYCfAHdZ
Five Miles,"ASHWYN, Tyler Simmons",Five Miles,2020,157250,0,7JjryqI9lR5nU04K2dqA4l
Dandelions - slowed + reverb,"Ruth B., sped up + slowed, slater",Dandelions (slowed + reverb),2021,268717,69,6fhG2KJgwO7CrNflRaRmvp
Infinity,Jaymes Young,Feel Something,2017,237720,80,1SOClUWhOi8vHZYMz3GluK
Let Me Down Slowly,Alec Benjamin,Narrated For You,2018,169353,87,2qxmye6gAegTMjLKEBoR3d
Halo,Beyoncé,I AM...SASHA FIERCE - Platinum Edition,2008,261160,76,2CvOqDpQIMw69cCzWqr5yr
I Can Be Cool,"Amberlake, KELLA",I Can Be Cool,2020,200318,0,4dicfL2XOGEvHMcXqnslr5
Glad You Came,The Wanted,Battleground (Deluxe Edition),2011,197935,79,5yDL13y5giogKs2fSNf7sj
HUMBLE.,Kendrick Lamar,DAMN.,2017,177000,85,7KXjTSCq5nL1LoYtL7XAwS
Stranger Things (feat. OneRepublic),"Kygo, OneRepublic",Kids in Love,2017,221440,57,4sJqSKPc5fZ5OZ8JiVI44N
Redeye,Richard Orofino,Redeye,2019,231320,27,0dOhHUYXDhNzKWtsvaNv3R
Eye of the Tiger,Survivor,Rocky IV,1985,245640,77,2KH16WveTQWT6KOG9Rg6e2
"Money Game, Pt. 2",Ren,"Demos(Do Not Share), Vol. I",2020,218816,0,42tQUVtqTGkwcCThHvAbUu
Marijuana,Shamoon Ismail,Cookie,2018,186985,45,1C9DajYq19423BwN85bNf0
Summer Love,Justin Timberlake,FutureSex/LoveSounds,2006,252973,68,1MBM7CyZbwJpVbbZJnHHRg
Dreams - 2004 Remaster,Fleetwood Mac,Rumours (Super Deluxe),1977,257800,86,0ofHAoxe9vBkTCp2UQIavz
Body,"Loud Luxury, Brando",Body,2017,163216,80,21RzyxY3EFaxVy6K4RqaU9
Trampoline (with ZAYN),"SHAED, ZAYN",Trampoline (with ZAYN),2019,184280,66,1iQDltZqI7BXnHrFy4Qo1k
They Don't Know About Us,One Direction,Take Me Home (Expanded Edition),2012,200400,74,6M31fPFCYB8Job3MCjjrDV
Some Type of Love,Charlie Puth,Nine Track Mind,2016,187906,53,6wFwJpXsdvOrPzNwg8HfDj
Dance Monkey,Tones And I,Dance Monkey,2019,209754,63,1rgnBhdG2JDFTbYkYRZAku
Cool for the Summer,Demi Lovato,Confident,2015,214739,78,3uwnnTQcHM1rDqSfA4gQNz
"Ashes - from ""Deadpool 2"" Motion Picture Soundtrack",Céline Dion,"Ashes (from ""Deadpool 2"" Motion Picture Soundtrack)",2018,199506,63,7FihoA0WgTT21DkWR7wbYR
Let Somebody Go - Single Version,"Coldplay, Selena Gomez",Let Somebody Go,2022,212949,37,1d8Pn4akKfdadbavUjAGoS
Kamado Tanjiro no Uta but is it okay if it's lofi?,Kijugo,Kamado Tanjiro no Uta but is it okay if it's lofi?,2021,153000,44,6ilH5MXPqcbYKxhG5CqxmM
Fireflies,Owl City,Ocean Eyes,2009,228346,80,3DamFFqW32WihKkTVlwTYQ
I Ain't Worried,OneRepublic,"I Ain’t Worried (Music From The Motion Picture ""Top Gun: Maverick"")",2022,148485,90,4h9wh7iOZ0GGn8QVp4RAOB
The Night We Met (feat. Phoebe Bridgers),"Lord Huron, Phoebe Bridgers",13 Reasons Why (Season 2),2018,208173,65,0jZO7p0nBUi9VHedWUBS9l
Been You,Justin Bieber,Purpose (Deluxe),2015,199226,55,6gcA4zzG6FnMEgPSDKbAMs
Time in a Bottle,Jim Croce,Photographs & Memories: His Greatest Hits,1974,148586,58,20A2Xe76p9wxUFLbbzZjTM
Darkside,"Alan Walker, Au/Ra, Tomine Harket",Different World,2018,211680,73,6SRWhUJcD2YKahCwHavz3X
Baby,"Justin Bieber, Ludacris",My World 2.0,2010,214240,83,6epn3r7S14KUqlReYr77hA
Ross And Rachel,Jake Miller,Silver Lining II,2021,192980,51,4vCiNW18AyeaUAZosVnX61
Ho Hey,The Lumineers,The Lumineers (Deluxe Edition),2012,163133,73,1K3LRUEcUz5FMtPYyg0F45
Slow Motion,AMARIA BB,Slow Motion,2021,166000,36,493QaNbrvbEiQdPH9hDP6z
Summer,Calvin Harris,Motion,2014,222533,85,6YUTL4dYpB9xZO5qExPf05
Hold On,Jet,Shine On (Deluxe Edition),2016,242480,50,6fTX2poT39Ucz6A7Tsqyg9
Piece Of Your Heart,"MEDUZA, Goodboys",Piece Of Your Heart,2019,152913,71,1DFD5Fotzgn6yYXkYsKiGs
House of Memories,Panic! At The Disco,Death of a Bachelor,2016,208706,81,2DgdHcjWmO3qd50RzuBLgZ
Sign of the Times,Harry Styles,Harry Styles,2017,340706,84,5Ohxk2dO5COHF1krpoPigN
Sign of the Times,Harry Styles,Sign of the Times,2017,340706,0,5ELRkzdzz0HvGpMDlfZHkV
Cake By The Ocean,DNCE,DNCE,2016,219146,83,76hfruVvmfQbw0eYn1nmeC
Wolves,One Direction,Made In The A.M. (Deluxe Edition),2015,241533,61,4hJfmMjy3wFIOknfYwhouY
Eraser,Ed Sheeran,÷ (Deluxe),2017,227426,58,7oolFzHipTMg2nL7shhdz2
hot girl bummer,blackbear,everything means nothing,2020,188343,78,6jRq8gaZhMUyy5RclRPcAf
Just Imagine It,MKTO,Bad Girls EP,2015,250746,49,0mtmrbRFsectINNpHdDkUQ
Can't Help Falling In Love,Elvis Presley,Elvis 30 #1 Hits,2002,177840,65,4hAUynwghvrqDXs1ejKNEq
When We Were Young,Adele,25,2015,290900,78,6O5TrlFWTYvznd9fMC0VvU
If We Have Each Other,Alec Benjamin,Narrated For You,2018,181522,78,7pT6WSg4PCt4mr5ZFyUfsF
Faking It,"Lost Stories, Matthew Steeper",Faking It - Single,2018,251574,27,58JzVFjiQ8BNMPvhBNc8pq
Eenie Meenie,"Sean Kingston, Justin Bieber",Eenie Meenie,2010,201946,81,4vVTI94F9uJ8lHNDWKv0i2
See You,Johnny Orlando,It’s Never Really Over (Expanded),2020,175145,48,3EWVRpOcVLY74B7claEX65
"Hey, Soul Sister",Train,"Save Me, San Francisco (Golden Gate Edition)",2010,216773,86,4HlFJV71xXKIGcU3kRyttv
let go,Clinton N,let go,2021,142306,26,0l7p0r4CQuMY6y0T6OWGau
Look At Me Now (feat. Lil' Wayne & Busta Rhymes),"Chris Brown, Lil Wayne, Busta Rhymes",F.A.M.E. (Expanded Edition),2011,222586,71,3hsmbFKT5Cujb5GQjqEU39
Nobody,"NOTD, Catello",Nobody,2020,143952,53,7GiozRoMk95aFl1WbrDdjX
Thirteen Sad Farewells,Stu Larsen,Vagabond,2014,165613,0,4y6ZSBZgVT4eZgRQGCe4Fg
Somebody To You,The Vamps,Meet The Vamps,2014,185097,72,6VrLYoQKdhu1Jruei06t65
Love Someone,Lukas Graham,3 (The Purple Album),2018,205440,70,0OCRwXbQRdOZ1OtB4Imsp1
It's You,HENRY,당신이 잠든 사이에 Pt. 2 Original Television Soundtrack,2017,231642,0,3hm4axDodp2jFEDohQfXxV
Cheerleader (Felix Jaehn Remix) - Radio Edit,"OMI, Felix Jaehn",Me 4 U,2015,180565,80,7vFoFDWqTX0mHzLfrF1Cfy
Until It Happens To You,Sasha Alex Sloan,Only Child,2020,221733,45,0IJQOj33GVl6osZmxClKqV
Broken Angel (feat. Helena),"Arash, Helena",Arash - From Persia To Japan,2008,191133,15,4nKB7W7skS894mHSgWD8v7
Best Part of Me (feat. YEBBA),"Ed Sheeran, Yebba",No.6 Collaborations Project,2019,243266,61,0VsGaRXR5WAzpu51unJTis
High School,"Nicki Minaj, Lil Wayne",Pink Friday: Roman Reloaded The Re-Up (Explicit Version),2012,218746,64,3UrNOHCzVxX2KZbNcKQAyu
Piece Of Your Heart - Alok Remix,"MEDUZA, Alok, Goodboys",Piece Of Your Heart (Alok Remix),2019,166451,73,6iW38RGqdDGOofmz2HeXLW
If I Be Wrong,Wolf Larsen,Quiet at the Kitchen Door,2011,438700,0,2wwko1N7dVjpsHt5Ca9be3
Magenta Riddim,DJ Snake,Carte Blanche,2019,194490,62,3dsyqPDiWYYilRZNBxgxHE
Slow Hands,Niall Horan,Flicker (Deluxe),2017,188174,78,2cOUlop2ZakjOKe4WinesN
When I Grow Up,NF,The Search,2019,196800,73,5rLyYxZNzca00ENADO9m54
deep end,Fousheé,time machine,2021,141409,51,6w1JyXgv5epQCZoc2MW5X4
Let Me Love You,"DJ Snake, Justin Bieber",Encore,2016,205906,52,5Qjv35Ja2TDt9CXRRo51hh
Never Be Alone,Shawn Mendes,Handwritten,2015,215813,64,3BYyBzKGPOCHeginhe0F77
Lost Without You (feat. Clara Mae),"Fly By Midnight, Clara Mae",Lost Without You (feat. Clara Mae),2020,165814,0,56pZSBGVI5BOlITppHLGVp
Takeaway,"The Chainsmokers, ILLENIUM, Lennon Stella",World War Joy,2019,209880,71,3g0mEQx3NTanacLseoP0Gw
Fairytale,Alexander Rybak,Fairytale,2009,182600,72,3MnAsEBBsEj86d03RgO4EM
Bones,Imagine Dragons,Bones,2022,165264,79,0HqZX76SFLDz2aW8aiqi7G
8 Letters,Why Don't We,8 Letters,2018,190026,74,4zRZAmBQP8vhNPf9i9opXt
Higher Ground,Imagine Dragons,Mercury - Acts 1 & 2,2022,161842,57,66N0XT7yr2VuFxrMc8piUy
Rather Be (feat. Jess Glynne),"Clean Bandit, Jess Glynne",New Eyes,2014,227833,64,0TVV2gFROJaB3kIZyCUvIY
Sirens,Imagine Dragons,Mercury - Acts 1 & 2,2022,155312,57,3IkEM7cjZ8FZtmVFq1q03c
Rich Love (with Seeb),"OneRepublic, Seeb",Rich Love,2017,201256,66,7dOeiXeTSfA1ixaYmQcWu7
Marvin Gaye (feat. Meghan Trainor),"Charlie Puth, Meghan Trainor",Some Type of Love,2015,190453,63,6ukMqDxnOPOgoHdak7Kyp3
City Life,Raghav Meattle,City Life - Single,2020,160844,36,2jfLNlyUpxhFkoo1lJjiL3
Cool Kids,Kayan,Cool Kids,2020,172584,0,4EARhoKrvwopHfqiEd4xSo
Apollo - Eurovision Version,Timebelle,Apollo,2017,179306,48,1YySksBo8O9tdgBcdPIIWw
Havana (feat. Young Thug),"Camila Cabello, Young Thug",Camila,2018,217306,82,1rfofaqEpACxVEHIZBJe6W
Liar,Dawn Jay,The Dawning,2011,244873,32,3wq5U8oUoHt5akikCB5FT7
New Friends,Jordana Bryant,New Friends,2022,182080,46,4t0niaO4hHvwt5MGFhO355
Freaks,Jordan Clarke,Freaks,2019,174800,3,44r4zta6P9flkhKaVnbsvG
Levitating (feat. DaBaby),"Dua Lipa, DaBaby",Levitating (feat. DaBaby),2020,203064,70,463CkQjx2Zk1yXoBuierM9
Unmiss You,Clara Mae,Unmiss You,2019,190075,30,5pwzncWFNZpYPfE2ePzFi8
Tell the World,"Mr. Kev, Anand Kashinath, Raemus Castelino, Sublahshini, Various Artists",IFP 50 Hour Music Challenge 2021 Winners,2021,226989,12,4tBUDm9ZxuT0ztJtruoZYF
Start Again (feat. Logic),"OneRepublic, Logic",13 Reasons Why (Season 2),2018,165626,59,1Nj2oBISdFDSF8eDuXcALz
Black and Blue,Thomasin Grace,Before the Storm,2020,274775,15,6TyvLgBImC5tHUh6lygaJh
Ophelia,The Lumineers,Ophelia,2016,160097,50,3qhobDAfBcVoOWZP8Ck8R2
Run It (feat. Rick Ross & Rich Brian),"DJ Snake, Rick Ross, Rich Brian",Shang-Chi and The Legend of The Ten Rings: The Album,2021,163373,63,5x4vgABKiGp4Vg7ZyFRxhn
Breathe,Cryosis,Breathe,2020,229927,17,2SGHwZIhT0qyPWNNwNt3rz
Let Her Go,Passenger,All The Little Lights,2012,252866,23,7DFNE7NO0raLIUbgzY2rzm
Under The Influence,Chris Brown,Indigo (Extended),2019,184613,85,5IgjP7X4th6nMNDh4akUHb
Bad Habit,Steve Lacy,Bad Habit,2022,232114,78,5CM4UuQ9Gnd6K2YyKGPMoK
Stay,"Missy & Blonde, Isabella Celander",Acoustic Vibes,2022,178202,50,7hM1vlV1qMGj09kPcclbFq
Love You Still (abcdefu romantic version),Tyler Shaw,Tyler Shaw,2022,150173,61,1et7vATtyqLfNMjTTZIYk1
Hold Out,Sam Fender,Hold Out,2020,163627,45,4MBxiq9e0jpWxJikv4kJA4
Toca (feat. Timmy Trumpet & KSHMR),"Carnage, Timmy Trumpet, KSHMR",Papi Gordo,2015,223000,54,1qm9MfTAoEixNPSqshHqfV
Pumped up Kicks,Foster The People,Pumped up Kicks,2010,238146,0,78oh0kMaXWcpDjnyJPx44o
The Rumbling (TV Size),SiM,The Rumbling (TV Size),2022,90265,59,0KCSJzsQVxkloxoT7dyrqV
Something Good Can Work (The Twelves Remix),Two Door Cinema Club,Kitsuné Maison Compilation 9: Petit Bateau Edition,2010,249280,0,5ks3okhkCteTbaE7TWttQg
Look at Me Now,Punch Parade,Look at Me Now,2020,189916,0,5ymrlhH3MTxQMW3In4u8PM
Maybe I Can Fly,When Chai Met Toast,Maybe I Can Fly,2020,230245,0,4BIpS30RZ67KqL8t9mcsJI
Don't Wanna Be Your Friend (feat. Katie Pearlman),"ayokay, Katie Pearlman",In the Shape of a Dream,2018,153720,41,7m9fA6bABZiwXbpp46HDie
I Like Me Better,Lauv,I met you when I was 18. (the playlist),2018,197436,5,2P91MQbaiQOfbiz9VqhqKQ
Natural - Remaster,Mike Fate,Natural (Remaster),2020,251562,1,5Sbl75tP3LrFtSkO7KGUGL
Won't Go Home Without You,Maroon 5,It Won't Be Soon Before Long (International Version),2007,231173,72,6WEBwvsmpaoGxka0tSh5a7
Sweater Weather,The Neighbourhood,I Love You.,2013,240400,90,2QjOHCTQ1Jl3zawyYOpxh6
Afraid,The Neighbourhood,I Love You.,2013,251186,75,7brQHA2CgQpcMBiOlfiXYb
Midnight Lows,Oshua,Midnight Lows,2021,164815,20,0HtuZobOtUeEni2wpPW2JO
I Wanna Be Yours,Arctic Monkeys,AM,2013,183956,93,5XeFesFbtLpXzIVDNQP22n
Treat You Better,Shawn Mendes,Illuminate,2017,187973,86,3QGsuHI8jO1Rx4JWLUh9jd
Be Like That - feat. Swae Lee & Khalid,"Kane Brown, Swae Lee, Khalid",Be Like That (feat. Swae Lee & Khalid),2020,191406,70,5f1joOtoMeyppIcJGZQvqJ
Bye Bye (feat. Ivy Adara),"Gryffin, Ivy Adara",Gravity,2019,210351,51,676eXXtx6I7yxaDfXvMpjK
Feel It Still,Portugal. The Man,Woodstock,2017,163253,81,6QgjcU0zLnzq5OrUoSZ3OK
Ritual,Alan Walker,Walkerverse Pt. I & II,2022,145824,57,0BxhpnfBTbnDfXi7mK4B6B
Delicate,Taylor Swift,reputation,2017,232253,84,6NFyWDv5CjfwuzoCkw47Xf
Ego Overdose,"Besomorph, EMM",Ego Overdose,2020,160800,26,2kgSXkd2Aoslgsg3DOhhQQ
Run,OneRepublic,Human (Deluxe),2021,168259,77,6KL88T4Ma4ABXqzgUoEwkd
Goosebumps - Remix,"Travis Scott, HVME",Goosebumps (Remix),2021,162802,77,5uEYRdEIh9Bo4fpjDd4Na9
Homicide (feat. Eminem),"Logic, Eminem",Confessions of a Dangerous Mind,2019,245386,71,7M2tXmeS15NAzEn7ABFeBg
Tear The Roof Off,"Bliss n Eso, Watsky",Off The Grid,2017,206243,46,4yRey1BrY0rmdG2SgFQtGF
Good Thing,Suriel Hess,Good Thing,2020,159446,53,2RUwpvZSfNTVi8JzuOuhQc
Golden,Parade of Lights,Feeling Electric,2015,184566,41,4Hqlo1XhohWyonvWJ2U3Mn
World's Smallest Violin,AJR,OK ORCHESTRA,2021,180746,70,68EkhVWIeULhHxcbi1QhzK
Ghost,Confetti,Ghost,2019,169413,0,52ybDGOqIOFiV1Qr4lJV51
Over You,Elijah the Boy,Over You,2022,170000,0,0GsXBlkDEqLLgMRxhlWB85
Paris,The Chainsmokers,Memories...Do Not Open,2017,221506,77,72jbDTw1piOOj770jWNeaG
Everyday,"Logic, Marshmello",Bobby Tarantino II,2018,204746,66,4EAV2cKiqKP5UPZmY6dejk
Mama,"Jonas Blue, William Singe",Blue,2018,184133,72,7jEyX4bqaCSdMN4D4JNnVj
The Search - Edit,NF,The Search (Edit),2019,197694,69,4tZDUt8vHpvjfOXcHwOvtq
Complicated,Avril Lavigne,Let Go,2002,244506,82,5xEM5hIgJ1jjgcEBfpkt2F
Face Off,"Tech N9ne, Joey Cool, King Iso, Dwayne Johnson",ASIN9NE,2021,219802,66,6M47gaKejso9772SKTa3yH
Baby I Got Issues,U/NITISH,Baby I Got Issues,2022,164954,0,1oWoRzIymhFRceEzqkUUO4
PILLOWTALK,ZAYN,Mind Of Mine (Deluxe Edition),2016,202746,79,0PDUDa38GO8lMxLCRc4lL1
Scars To Your Beautiful,Alessia Cara,Know-It-All,2015,230240,79,0wI7QkCcs8FUQE1OkXUIqd
Meant to Be (feat. Florida Georgia Line),"Bebe Rexha, Florida Georgia Line",Expectations,2018,164205,72,4e4fqjx0Izh4svvTef1z7e
I Like Me Better,Lauv,I met you when I was 18. (the playlist),2018,197436,82,0EcQcdcbQeVJn9fknj44Be
That's What I Like,Bruno Mars,24K Magic,2016,206693,87,0KKkJNfGyhkQ5aFogxQAPU
Higher Love,"Kygo, Whitney Houston",Golden Hour,2020,228267,74,1kKYjjfNYxE0YYgLa7vgVY
Memories,Maroon 5,JORDI (Deluxe),2021,189486,85,4cktbXiXOapiLBMprHFErI
Way down We Go,KALEO,A/B,2016,213706,85,0y1QJc3SJVPKJ1OvFmFqe6
Sparkle - movie ver.,RADWIMPS,Your Name.,2016,537653,66,3A4FRzgve9BjfKbvVXRIFO
Belly Dancer,"Imanbek, BYOR",Belly Dancer,2022,151475,81,7fZBQnc0zXwVybgCIrQQil
There You Are,ZAYN,Icarus Falls,2018,199600,62,5y4XJ9UFS5eOdoYPF5pSAE
This Is What You Came For,"Calvin Harris, Rihanna",This Is What You Came For,2016,222160,86,0azC730Exh71aQlOt9Zj3y
